ID,Smiles
1,CCCCCCCCC(NCC1=CC=C(O)C(OC)=C1)=O
2,OC[C@@H]1[C@H]([C@H]([C@H](N2C=NC3=C2N=CN=C3O)O1)O)O
3,CC1=NC=C(CN(/C(C)=C(CCOP(O)(O)=O)/SC(C2=CC=CC=C2)=O)C=O)C(N)=N1
4,[O-]C([C@@H]1N(C2=O)[C@]([C@@H]2NC(C(C(C3=CC=CC=C3)=NO4)=C4C)=O)([H])SC1(C)C)=O.[Na+].O
5,CC(NCCC)C(NC1=CC=CC=C1C)=O
6,O=C(C1=CC=CC=C1)N[C@@H](C2=CC=CC=C2)[C@H](C(O[C@@H]3C(C)=C([C@@H](OC(C)=O)C([C@@]4(C)[C@]([C@@](CO5)(OC(C)=O)[C@@]5([H])C[C@@H]4O)([H])[C@@H]6OC(C7=CC=CC=C7)=O)=O)C(C)(C)[C@@]6(O)C3)=O)O
7,O=C(OC)[C@@]1(O)C[C@@]2(CC)[C@@]3([H])C(N1C4=CC=CC=C54)=C5CCN3CCC2
8,O=C1OC(CSC)CN1/N=C/C2=CC=C([N+]([O-])=O)O2
9,O=C1C=C(C2=CC=C(OC)C=C2)OC3=C(OC)C(OC)=C(OC)C(OC)=C13
10,O=C([C@@H](C(C)(C)S[C@]1([H])[C@@H]2/N=C/N3CCCCCC3)N1C2=O)OCOC(C(C)(C)C)=O.[H]Cl
11,O=C(C1=CNC2=C1C=CC=C2)O[C@H]3C[C@H]4CC[C@H](N4C)C3
12,C/C=C(C)\C(OC(C)([C@@H]1CC2=C(O3)C(C=CC3=O)=CC=C2O1)C)=O
13,[O-]C([C@@H]1N2[C@@](SC1(C)C)([H])[C@@H](C2=O)NC(C(C(C(C=CC=C3)=C3Cl)=NO4)=C4C)=O)=O.[Na+].O
14,OC[C@@]1([C@H]([C@H](O)[C@@H](CO)O1)O[C@@]2([H])O[C@@H]([C@@H](O)[C@H](O)[C@H]2O)CO)O[C@H]3O[C@@H]([C@@H](O)[C@H](O)[C@H]3O)CO
15,O=C(O[C@@](C[C@@]1(C)CCC2)([H])[C@]3([H])C[C@@]1([H])C2=C)C3=C
16,O=C1NC=C(F)C(N)=N1
17,O=C([C@@]1(O)C[C@@H](OC(/C=C/C2=CC=C(O)C(O)=C2)=O)[C@H](O)[C@H](O)C1)O
18,C[C@@]([C@@]12C)(CC[C@@]3([H])C4(C)C)[C@@](C[C@@H](O)[C@]1([H])[C@]([C@@](CC/C=C(C)/C)(C)O[C@@H]([C@@H]([C@@H](O)[C@@H]5O)O)O[C@@H]5CO[C@@H]([C@@H]([C@@H](O)[C@@H]6O)O)O[C@@H]6CO)([H])CC2)([H])[C@]3(CC[C@@H]4O[C@@](O[C@H](CO)[C@@H](O)[C@@H]7O)([H])[C@@H]7O[C@]([C@@H]([C@@H](O)[C@@H]8O)O)([H])O[C@@H]8CO)C
19,C[C@@]1(C2)[C@](C(COC(C)=O)=O)(O)CC[C@@]1([H])[C@]3([H])CCC4=CC(CC[C@]4(C)[C@@]3([H])C2=O)=O
20,O[C@@H]1C[C@@H]2OC3=C4C(CN(C)CC[C@]42C=C1)=CC=C3OC
21,C/C1=C\CC[C@@](C)(O2)[C@H]2[C@@H](OC(C3=C)=O)[C@H]3CC1
22,O=C(O)[C@H](O)[C@@H](O)C(O)=O.C1(C2CC3CNC2)=C3C=C(N=CC=N4)C4=C1
23,O=S(O)(O)=O.[H][C@]12C[C@](CN3[C@]2([H])CCCC3)([H])[C@@](CCCC4)([H])N4C1.O.O.O.O.O
24,O=C1N=C(N)N(C)C1
25,OC(CN)C1=CC=CC=C1
26,O=C(C1=CN2C(C)CCC3=C2C(C1=O)=CC(F)=C3N4CCC(O)CC4)O
27,O=C(N)C1=CC([N+]([O-])=O)=CC([N+]([O-])=O)=C1C
28,O=C1NC2=C([C@@](/C3=C\C)(N)CC(C)=C[C@@]3([H])C2)C=C1
29,O=C[C@H](N)[C@H]([C@@H]([C@@H](CO)O)O)O.Cl
30,OC[C@@H]([C@H]([C@@H]([C@@H](CO)O)O)O)O
31,OC([C@@]1([H])[C@H](CO)O)=C(O)C(O1)=O
32,O=C(O)C1=CC=CC=N1
33,C[C@H](CCC(O)=O)[C@H]1CC[C@@]2([H])[C@]3([H])[C@@H](O)C[C@]4([H])C[C@H](O)CC[C@]4(C)[C@@]3([H])CC[C@]12C
34,CC1=C([C@@H](OC)C([C@@]2(C)[C@@]3([H])[C@](OC(C)=O)(CO4)[C@H]4C[C@@H]2OC)=O)C(C)(C)[C@@]([C@H]3OC(C5=CC=CC=C5)=O)(O)C[C@@H]1OC([C@H](O)[C@H](C6=CC=CC=C6)NC(OC(C)(C)C)=O)=O
35,O=C(O)C1=CC=CC=C1O
36,O[C@@H]1C[C@@H]2OC3=C4C(CN(C)CC[C@]42C=C1)=CC=C3OC.Br
37,O=C1[C@]([C@](CC2)(C)[C@@]3(C)C([C@]([C@@]4(C)CC3)([H])C[C@@](CC4)(C)C(O)=O)=C1)([H])[C@](CC5)(C)C2C([C@H]5O[C@@H](O[C@H](C([O-])=O)[C@H]6O)[C@H](O[C@@H]([C@H](O)[C@@H](O)[C@@H]7O)O[C@@H]7C(O)=O)[C@H]6O)(C)C.[NH4+]
38,O=C([C@@H](C(C)(C)S[C@]1([H])[C@@H]2NC([C@H](NC(N3CCNC3=O)=O)C4=CC=CC=C4)=O)N1C2=O)[O-].[Na+]
39,O=C(C(N12)=C(S[C@@H]3CN[C@H](C(N(C)C)=O)C3)[C@H](C)[C@]2([H])[C@@H]([C@H](O)C)C1=O)O.O.O.O
40,O=C(C1=C(OC)C=C(O)C=C1O)/C=C/C2=CC=CC=C2.[(E)]
41,O=C(C1=C(C(NC)=O)N(CC)C=N1)NC
42,O=C1C(CCCCCCCCCCO)=C(C)C(C(OC)=C1OC)=O
43,C[C@@]1(C2)[C@](C(CO)=O)(O)CC[C@@]1([H])[C@]3([H])CCC4=CC(CC[C@]4(C)[C@@]3([H])C2=O)=O
44,O=C1N(C)C2=C(C=CC=C2)/C1=C3C(NC4=C\3C=CC=C4)=O
45,OC1=CC(O)=C2C(OC(C3=CC=C(OC)C=C3)=C(O[C@H](O[C@@H](C)[C@H](O)[C@H]4O)[C@@H]4O)C2=O)=C1C/C=C(C)\C
46,O=C(O[C@H]1CNC(C)=O)N(C1)C2=CC(F)=C(N3CCOCC3)C=C2
47,O=C(C(C(OC)=CC=C1)=C1C2=O)C3=C2C(O)=C(C[C@@](O)(C(C)=O)C[C@@H]4O[C@@]5([H])C[C@H](N)[C@H](O)[C@H](C)O5)C4=C3O.[H]Cl
48,C[C@@]12[C@](CC[C@]2([H])[C@H](C)CCC(O)=O)([H])[C@@]3([H])[C@]([C@@]4([C@](C[C@H](O)CC4)([H])CC3)C)([H])CC1
49,C[C@@]1([C@H]2O)[C@](CC2)([H])[C@@](CCC3=C4C=CC(O)=C3)([H])[C@]4([H])CC1
50,O=C(C1=CC=CC=C1N2)N(CCN3CCC(C(C4=CC=C(F)C=C4)=O)CC3)C2=O.O=C(O)[C@H](O)[C@@H](O)C(O)=O
51,CN1[C@@H]2C[C@@H](OC([C@@H](C3=CC=CC=C3)CO)=O)C[C@H]1CC2
52,C[C@]([C@@](C[C@H]1O)([H])[C@]2(CC[C@@H]3O[C@@](O[C@H](CO)[C@@H](O)[C@@H]4O)([H])[C@@H]4O[C@]([C@@H]([C@@H](O)[C@@H]5O)O)([H])O[C@@H]5CO)C)(CC[C@@]2([H])C3(C)C)[C@]6([C@@]1([H])[C@]([C@@](C)(O)CC/C=C(C)/C)([H])CC6)C
53,O=C(O)CC[C@@H](C)[C@]1([H])[C@]2(C)[C@](CC1)([H])[C@]3([H])[C@H](O)C[C@@](C4)([H])[C@@](CC[C@H]4O)(C)[C@]([H])3CC2
54,O=C1C2=C(C=CC=C2)C(C3=CC(O)=C(CO)C(O)=C13)=O
55,O=C1C=CC(C(O1)=C2)=C(O)C3=C2OC=C3
56,O=C(C(O)(C1=CC=CC=C1)C2CCCCC2)OCC#CCN(CC)CC.[H]Cl
57,O=C1C[C@@H](C2=CC=C(OC)C(O)=C2)OC3=CC(O[C@H]4[C@@H]([C@H]([C@@H]([C@@H](CO)O4)O)O)O[C@@]5([H])[C@@H]([C@@H]([C@H]([C@H](C)O5)O)O)O)=CC(O)=C13
58,O=C(O)CC[C@@H](C(O)=O)NC(C1=CC=C(NCC2=CN=C3N=C(N)NC(C3=N2)=O)C=C1)=O
59,O=C1C(C)=C(C/C=C(C)/CCC[C@H](C)CCC[C@H](C)CCCC(C)C)C(C2=C1C=CC=C2)=O
60,O=C(C(CCCC1)N1C)NC(C(C)=CC=C2)=C2C.Cl
61,OC(CC(O)CCC1=CC=C(O)C(OC)=C1)CCC2=CC=C(O)C(OC)=C2
62,O=S(ON1[C@]2([H])CC[C@@H](C(N)=O)[N@@](C2)C1=O)([O-])=O.[Na+]
63,C[C@H]1[C@@H](OC)O[C@@]2([H])[C@]34[C@@]([C@H](C)CC[C@]41[H])([H])CC[C@@](O2)(C)OO3
64,C[C@]1([C@](CC2)([H])[C@]3([H])CCC4=C(C=CC(O)=C4)[C@@]3([H])CC1)C2=O
65,OC1=C(O)C=CC(CC(C([O-])=O)O)=C1.[Na+]
66,O=C([C@]1(CCC(C)(C)C2)[C@]2([H])C3=CC[C@@]4([H])[C@@](C)(CC[C@]5([H])[C@@]4(CC[C@H](O[C@]([C@@H]([C@@H](O)[C@@H]6O)O)([H])O[C@@H]6C(O)=O)C5(C)C)C)[C@]3(C)CC1)O[C@@H]([C@@H]([C@@H](O)[C@@H]7O)O)O[C@@H]7CO
67,C[C@@H](C1=CC=C2OC)[C@]3([H])C4=CC(OC)=C(OC)C=C4CCN3CC1=C2OC
68,O=C(C1=CCCN(C)C1)OC.Br
69,C[C@H](Cl)[C@@]([C@@]([C@@H]([C@H](O)[C@H]1O)O)([H])O[C@@H]1SC)([H])NC([C@@H]2C[C@@H](CCC)CN2C)=O.Cl
70,C[C@@H]1[C@]23[C@](C(CC3)=O)([H])[C@]([C@H](OC(CS[C@@H]4C[C@@H]5N(C)[C@@H](CC5)C4)=O)C[C@](C=C)(C)[C@H]1O)([C@H](C)CC2)C
71,CC[C@H](NCCN[C@@H](CC)CO)CO.Cl.Cl
72,CC1=CC=C(S(=O)(O)=O)C=C1.O=C(C2=CN(C3=CC=C(F)C=C3F)C4=C(C=C(F)C(N5CC(N)CC5)=N4)C2=O)O.O
73,[H][C@]12[C@]3([H])CC([C@@]4([H])C[C@@H](O)CC[C@]4(C)[C@@]3([H])C[C@]([H])1[C@]5([H])CN6C[C@@H](C)CC[C@]([H])6[C@@](C)(O)[C@]([H])5CC2)=O
74,OC[C@@H](O)[C@@H](O)[C@@H](O)CO
75,OC1=CC(O)=CC(/C=C/C2=CC=C(O)C=C2)=C1O[C@@H]([C@@H]([C@@H](O)[C@@H]3O)O)O[C@@H]3CO.[(E)]
76,"OC[C@@H]1[C@@H](O)[C@@](O2)([H])[C@@](N(C2=N3)C=CC3=N)([H])O1.[H]Cl
JjbwQ0byOjHpJ4gXWRYObRsaR41DaP=="
77,OC1=C(O)C=CC(CCOC2C(C(OC3OC(C)C(O)C(O)C3O)C(OC(/C=C/C4=CC=C(O)C(O)=C4)=O)C(COC5OC(C)C(O)C(O)C5O)O2)O)=C1
78,C[C@@H]([C@@H]([C@@](C)(C[C@H]1OC(CO)=O)C=C)O)C(CC[C@H]2C)(CCC3=O)[C@]3([H])C21C
79,OC[C@@H]1[C@@H](NC([C@@H](N)CC2=CC=C(OC)C=C2)=O)[C@H]([C@H](N3C=NC4=C3N=CN=C4N(C)C)O1)O.[H]Cl.[H]Cl
80,C[N+]1=CC2=C3C(OCO3)=CC=C2C(C=CC4=C5)=C1C4=CC6=C5OCO6.[Cl-]
81,OC1=C2C(OC=C(C3=CC=C(O)C=C3)C2=O)=CC(O)=C1
82,O=C(C1=C(O)C=C(O[C@H]2[C@@H]([C@H]([C@@H]([C@@H](CO)O2)O)O)O[C@@]3([H])[C@@H]([C@@H]([C@H]([C@H](C)O3)O)O)O)C=C1O)CCC4=CC=C(O)C=C4
83,OC1=C2C(OC(C3=CC=C(O)C=C3)=CC2=O)=CC(O)=C1
84,C/C=C/C1=C(OC)C=C(OC)C(OC)=C1
85,O=C1OC[C@]2([H])[C@H](O[C@H]3[C@@H]([C@H]([C@@H]4O[C@H](C)OC[C@H]4O3)O)O)C5=C(C=C6OCOC6=C5)[C@@H](C7=CC(OC)=C(O)C(OC)=C7)[C@]21[H]
86,"OC1=CC=C([C@]2([H])[C@](CC3=C2C=C(O)C(O)=C3)(O)CO4)C4=C1O
yBw4y7IpI7IuI72X"
87,O=C(C1(O)CC(OC(/C=C/C2=CC=C(O)C(O)=C2)=O)C(O)C(OC(/C=C/C3=CC=C(O)C(O)=C3)=O)C1)O
88,NC1=C(C=CC=C2)C2=NC3=CC=CC=C31
89,N#[C-][Co+3]123([N]4=CN(C(OC(CO)C5OP6([O-])=O)C5O)C7=C4C=C(C)C(C)=C7)[N]8=C9C(CCC(N)=O)C(CC(N)=O)(C)C8(C)C(C(CC(N)=O)C%10(CCC(NCC(C)O6)=O)C)[N-]1C%10=C(C)C(C(CCC(N)=O)C%11(C)C)=[N]2C%11=CC%12=[N]3C(C(CC(N)=O)(C)C%12CCC(N)=O)=C9C
90,O=C(O[C@H]1[C@@H](C2=CC(O)=C(O)C(O)=C2)OC3=CC(O)=CC(O)=C3C1)C4=CC(O)=C(O)C(O)=C4
91,CC1(C)[C@@H](O)CC[C@]2(C)[C@@]3([H])CC=C4[C@]5([H])[C@@H](C)[C@H](C)CC[C@@](C(O)=O)5CC[C@](C)4[C@@](C)3CC[C@@]12[H]
92,O=C1C=C(C2=CC=C(OC)C=C2)OC3=CC(O)=CC(O)=C13
93,OC(C1=C(C2=O)C(O[C@@]2(O/C=C/[C@@H]([C@H]([C@@]([C@@H]3C)([H])OC(C)=O)C)OC)C)=C(C)C(O)=C1C(O)=C4NC(/C(C)=C\C=C\[C@@H]([C@@H]([C@@H](C)[C@H]3O)O)C)=O)=C4/C=N/N5CCN(C6CCCC6)CC5
94,O=C1[C@](O)(CC)C2=C(CO1)C(N3CC4=CC5=CC(O)=CC=C5N=C4C3=C2)=O
95,O=C1C(C(C2=CC=C(C(F)(F)F)C=C2[N+]([O-])=O)=O)C(CCC1)=O
96,O=C1C=C(C2=CC=C(O)C=C2)OC3=CC(O)=C(O)C(O)=C13
97,COC1=CC(C2=NC=CC=C2)=NC(/C=N/O)=C1.[(E)]
98,O=C(/C=C/[C@H](C)[C@@H](O)[C@H](C)C([C@H](C)[C@@H](O)[C@@H]1C)=O)O[C@@]([C@@H]2C)([H])[C@H](C)[C@@]3(CC[C@H](C)[C@H](C[C@H](O)C)O3)O[C@@]2([H])CC[C@@H](CC)/C=C/C=C/C[C@@H](C)[C@H](O)[C@@](C)(O)C1=O
99,O=C1C(C)=CC(C2=C1C=CC=C2O)=O
100,C[C@@H]1[C@H]([C@H]([C@H](N2C=NC3=C2N=CN=C3N)O1)O)O
101,OC[C@@H]1[C@H]([C@H]([C@H](N2C=NC3=C2N=C(N(C)C)NC3=O)O1)O)O
102,C=CCS(SCC=C)=O
103,CC([C@H]1CC[C@@]2([H])[C@]3([H])CC[C@@]4([H])CC(CC[C@]4(C)[C@@]3([H])CC[C@]12C)=O)=O
104,O=C1N=C(N)NC2=C1N=C([C@@H](O)[C@@H](O)C)CN2
105,C[C@]([C@@]1([H])[C@]2(C[C@@H](O)[C@@H]3O)C)(CC[C@@]2([H])C3(C)C)[C@@](C4=CC1)(CC[C@]5(C(O)=O)[C@@]4([H])CC(C)(C)CC5)C
106,O[C@H]([C@H]([C@@H]([C@@H](CO)O1)O)O)[C@@H]1OC2=CC=C(CO)C=C2
107,COC1=C2C(C(C(C(O)=C(C[C@](C(CO)=O)(O)C[C@@H]3O[C@@]4([H])C[C@H](N)[C@H](O)[C@H](C)O4)C3=C5O)=C5C2=O)=O)=CC=C1.[H]Cl
108,OC1=CC(CCC2=CC(OC)=C(OC)C(OC)=C2)=CC=C1OC
109,OC1=CC=CC=C1OC
110,O=C(O)CC1=CNC2=C1C=C(O)C=C2
111,O=C(O)CCCN
112,O=C(O)CNC(CC[C@@H](C)[C@H]1CC[C@@]2([H])[C@]3([H])[C@@H](O)C[C@]4([H])C[C@H](O)CC[C@]4(C)[C@@]3([H])CC[C@]12C)=O
113,CC1=NC=CC2=C1NC3=C2C=CC(OC)=C3
114,OC[C@@H]1[C@H]([C@H]([C@H](N2C=NC(C(N3)=O)=C2NC3=O)O1)O)O
115,OC([C@@]([C@@]1([H])CCC2=CC(C(C)C)=C3O)(CCCC1(C)C)C2=C3O)=O
116,[H][C@@]12CC[C@@]3(C)[C@]4(C)CC[C@]5(C(O)=O)[C@@]([C@H](C(C)=C)CC5)([H])[C@@](CC[C@@]([H])3[C@@]1(C)CC[C@H](O)C2(C)C)4[H]
117,O=C(O)C1=CC=CC(O)=C1N
118,CCCCCCCCCCCCCCCCCC(O)=O
119,O=C(C1=CC(O)=C(O)C(O)=C1)O[C@@H]([C@@H]([C@@H](COC(C2=CC(O)=C(O)C(O)=C2)=O)O3)OC(C4=CC(O)=C(O)C(O)=C4)=O)[C@H]([C@@H]3OC(C5=CC(O)=C(O)C(O)=C5)=O)OC(C6=CC(O)=C(O)C(O)=C6)=O
120,O=CC1=CC=C(CO)O1
121,O=C(O)C(C)CN
122,CC(C1=CC=CC=C1O)=O
123,CCC(C)(O)C(O)=O
124,O=C[C@H]([C@@H]([C@@H]([C@H](C)O)O)O)O
125,O=C(C1=CC=CC=C1C(OCCCC)=O)OCCCC
126,OCC[C@@H](C(=O)O)N
127,O=C(O)C1=CC=C(C(O)=O)C=C1
128,C[C@]([C@]1([H])CC2)(CC[C@]3([H])[C@@]1(CC[C@H](O[C@@](OC[C@H](O)[C@@H]4O[C@@](O[C@H](CO[C@@H]([C@@H]([C@@H](O)[C@@H]5O)O)O[C@@H]5CO)[C@@H](O)[C@@H]6O)([H])[C@@H]6O[C@@](OC[C@@H](O)[C@@H]7O)([H])[C@@H]7O)([H])[C@@H]4O[C@@](O[C@@H](C)[C@H](O)[C@H]8O)([H])[C@@H]8O)C3(C)C)C)[C@@]9(CO%10)[C@@]2([H])[C@]([C@]%11(O)C)([H])[C@@]%10(O[C@@H](/C=C(C)/C)C%11)C9
129,NCCC[C@@](N)([H])C(O)=O.Cl
130,C1=C(C(C(O)=O)C)C=CC=C1
131,O=C([C@H](CCC(N)=O)NC(CC1=CC=CC=C1)=O)O
132,[H][C@](N)(CCCCNC(N)=O)C(O)=O
133,BrC1=C2C(NN=N2)=C(Br)C(Br)=C1Br
134,COC(C=C1[C@@H]2[C@](CO[C@@H]3C4=CC(OC)=C(O[C@@H]([C@@H]([C@@H](O)[C@@H]5O)O)O[C@@H]5CO)C=C4)([H])[C@]3([H])CO2)=C(C=C1)O[C@@H]([C@@H]([C@@H](O)[C@@H]6O)O)O[C@@H]6CO
135,O=S(C1=CC=C(N)C=C1)(N)=O
136,OC[C@@H]([C@H](O)C[C@]1([H])O2)[C@@]1([H])CC2=O
137,OC1=CC=C(C)C=C1O
138,C1=C(OC(=C1)CO)C(=O)O
139,CC(C)C(N)CC(O)=O
140,O=C(O)C(CC)C(O)=O
141,C=C(C1CC=C(C)CC1)C
142,CC1(C)C(CC[C@]2(C)[C@@]3([H])CC=C4[C@]5([H])[C@@H](C)[C@H](C)CC[C@@](C(O)=O)5CC[C@](C)4[C@@](C)3CC[C@@]12[H])=O
143,O=C1NC(C(C)=CN1)=O
144,OC[C@@H]([C@H]([C@H]([C@@H](CO)O)O)O)O
145,O=C(O)CNC(C)=O
146,O=C(O)CCCCCCCCC(O)=O
147,CC(CCC(O)=O)=O
148,O=C(O)CCC1=CC=CC=C1
149,O=S(C1=CC=C(N)C=C1)(NC2=NC=CC=N2)=O
150,C[C@]([C@@](C[C@H]1O)([H])[C@]2(CC[C@@H]3O[C@@](O[C@H](CO)[C@@H](O)[C@@H]4O)([H])[C@@H]4O[C@]([C@@H]([C@@H](O)[C@@H]5O)O)([H])O[C@@H]5CO)C)(CC[C@@]2([H])C3(C)C)[C@]6([C@@]1([H])[C@]([C@@](CC/C=C(C)/C)(C)O[C@@H]([C@@H]([C@@H](O)[C@@H]7O)O)O[C@@H]7CO[C@H](OC[C@H](O)[C@@H]8O)[C@@H]8O)([H])CC6)C
151,O=C[C@@H]([C@H]([C@H](CO)O)O)O
152,O=C(N[C@H](CC(N)=O)C(N[C@@H](CC(O)=O)C(N[C@H](C(NCC(N[C@H](C(N[C@@](C(N[C@@H](C(N[C@H]1CC(O)=O)=O)C)=O)([H])CC(O)=O)=O)CCCN)=O)=O)[C@H](OC([C@](NC([C@](NC([C@@](NC(CNC1=O)=O)([H])CO)=O)([H])[C@H](C)CC(O)=O)=O)([H])CC(C(C=CC=C2)=C2N)=O)=O)C)=O)=O)[C@@H](NC(CCCCCCCCC)=O)CC3=CNC4=CC=CC=C34
153,O=C(O)CC(C)CC(O)=O
154,O=C(O)CNC(C1=CC=CC=C1)=O
155,O=C(O)/C=C(CC(O)=O)/C(O)=O
156,OC(=O)C(=O)CC1=CC=CC=C1
157,O=C(OCCC)CC1C(CCCCC)C(CC1)=O
158,C/C(CO)=C\CNC1=C(N=CN2[C@H]3[C@H](O)[C@H](O)[C@H](O3)CO)C2=NC=N1
159,O=C(O)[C@@H](O)CC(C)C
160,O=C(C(N12)=C(C)CS[C@]2([H])[C@H](NC([C@H](N)C3=CCC=CC3)=O)C1=O)O
161,OCC(O)C(O)C(O)CO
162,O=C(O)C1=CC=CC=C1OC
163,O=C(C1=C[N+]([O-])=C(C)C=N1)O
164,COC1=CC(=CC(OC)=C1O)C(C)=O
165,CC(NC1=C2N=CC=CC2=CC(OC)=C1)CCCN.O=P(O)(O)O.O=P(O)(O)O
166,O=C1N=C(N2CCOCC2)CN1C3=CC=C(Cl)C=C3
167,O[C@@]([C@@](CCC1)([H])N1C2=O)(O[C@](NC([C@@H](CN(C)[C@]3([H])C4)C[C@]3([H])C5=C6C4=CNC6=CC=C5)=O)(C)C7=O)N7[C@H]2CC8=CC=CC=C8.CS(=O)(O)=O
168,O=C1[C@H](C)[C@]2([H])CC[C@@H](C)[C@]3([H])CC[C@@](O4)(C)OO[C@]32[C@]4([H])O1
169,O=C(OCC[N+](C)(C)C)C.[Cl-]
170,O=CC1=CC=C(C)O1
171,O=C(O)C1CCCCN1
172,O=C(O)C1=CC=CC(OC)=C1
173,CC1=C(C=NC=C2)C2=C(C)C(N3)=C1C4=C3C=CC=C4.Cl
174,O=C(C1=CC(C=C(C(O)=O)O1)=O)O
175,O=C1CC[C@@]2([H])[C@]3([H])CC=C4C[C@@H](O)CC[C@]4(C)[C@@]3([H])CC[C@@]21C
176,OC(=O)CCCCCCCCCC(O)=O
177,O=C(O)C1=CC=C(O)C=C1
178,O=C(N(C1=CC=C(C)C=C1C)/N=C/C2=CC=CC(OC)=C2)C(F)(F)F
179,O=C(O)CCCCCCCCCCCCCCC(O)=O
180,ClC1=C2NC=NC2=NC=N1
181,O=C1O[C@@H](COP(O)(O)=O)CN1C2=CC=C(C3=CC=C(C4=NN(C)N=N4)N=C3)C(F)=C2
182,C[C@@H]1O[C@@]([H])(O[C@@H]2[C@@H](O)[C@H](O)[C@@H](CO)O[C@H]2OC3=C(OC4=C(Cl)C=C([C@@H](O)[C@](NC([C@]5([H])NC6=O)=O)(C(N[C@]([H])(C(O)=O)C7=CC(O)=CC(O)=C7C8=C(O)C=CC5=C8)=O)[H])C=C4)C=C([C@@]6([H])NC([C@H](CC(N)=O)NC9=O)=O)C=C3OC%10=CC=C([C@@H](O)[C@H]9NC([C@H](NC)C(C)(C)C)=O)C=C%10Cl)C[C@](C)(N)[C@@H]1O.[H]Cl
183,C/C(C)=C\C(O[C@H](C(C)(C)O1)CC2=C1C=C(O3)C(C=CC3=O)=C2)=O
184,O=C1C=C(CO)OC=C1O
185,O=C1O[C@H]([C@@H](O)CO)[C@H](O)[C@@H]1O
186,OP(OC[C@@H](C(O)=O)N)(O)=O
187,C[C@@]12[C@H](O)CC[C@@]1([H])[C@]3([H])CCC4=C(C=CC(O)=C4)[C@@]3([H])CC2
188,[H][C@](CC1=CNC2=CC=CC=C21)(NC(C(C)(C)N)=O)C(N3CCC[C@@](C(N(C)N(C)C)=O)(CC4=CC=CC=C4)C3)=O
189,O=C(O)/C(C)=C\C(O)=O
190,OC1=CC=C(C=C1)C[C@@H](C(O)=O)NC(C)=O
191,O=C(O)CC1=CC=C(O)C(OC)=C1
192,CC(C)(O)CC(O)=O
193,O=C(O)C(O)C1=CC=CC(O)=C1
194,CC[C@@H](N)C(O)=O
195,[O-][N+](O)=O.ClC1=C(C=CC(Cl)=C1)C(OCC2=CC=C(Cl)C=C2)CN3C=CN=C3
196,O=C1[C@@](C)(O)[C@]2([H])C[C@H](C(C)(O[C@H]3[C@@H]([C@H]([C@@H]([C@@H](CO)O3)O)O)O)C)CC[C@@](CO)(O)[C@@]2([H])C1
197,O[C@H](C1=CC(O)=C(O)C=C1)CNC.O[C@@H](C(O)=O)[C@@H](O)C(O)=O
198,O=C1C=C[C@@]2(C)C(CC[C@]3([H])[C@]2([H])[C@@H](O)C[C@@]4(C)[C@@]3([H])CC[C@]4(OC(OCC)=O)C(OCCl)=O)=C1
199,O=C(O)C1=CC=C(O)C=C1O
200,C1(C2=CC=C(C3=CC=CS3)S2)=CC=CS1
201,OC[C@H](O)C(O)[C@@H](O)CO
202,O=C1C=CC(C(/C2=C/C)(N)CC(C)=CC2C3)=C3N1
203,O=C(O)C[C@@H](C(O)=O)NC(C)=O
204,OC[C@@H]1[C@H](C[C@H](N2C(NC(C=C2)=O)=O)O1)O
205,O[C@@H]1[C@@H](CO)O[C@@H](N2C=NC3=C(N)N=CN=C23)C1
206,O=C(NC1=NC=C(N)C=C1)C2=CC=C(C(F)(F)F)C=C2
207,O=C(O)CNC(CC(C)C)=O
208,C1=CC=CC2=C1C(=C[NH]2)CCC(O)=O
209,O=C(C1=NC=CC=C1O)O
210,O=C(O)CNC(CN)=O
211,O=C(C(C1=O)=C(O)[C@@H](N(C)C)[C@]2([H])C[C@]3([H])[C@H](O)C4=C(C(C3=C(O)[C@@]21O)=O)C(O)=CC=C4Cl)N.Cl
212,OC1=C(C)C(C)=C2C(CC[C@](CCC[C@H](C)CCC[C@H](C)CCCC(C)C)(C)O2)=C1C
213,O[C@@H](C1)[C@]2(C)[C@]([C@@]3(OC(C)=O)[C@]1([H])OC3)([H])[C@H](OC(C4=CC=CC=C4)=O)[C@]5(O)C[C@H](OC(C)=O)C(C)=C(C(C)5C)[C@@H](OC(C)=O)[C@@H]2O
214,O=C(N(C1=NC=CC=C1)CCC(OCC)=O)C2=CC=C3C(N=C(N3C)CNC4=CC=C(C(NC(OCCCCCC)=O)=N)C=C4)=C2
215,O=C(C(C1=O)=C(O)[C@@H](N(C)C)[C@]2([H])C[C@]3([H])[C@](C)(O)C4=C(C(C3=C(O)[C@@]21O)=O)C(O)=CC=C4Cl)N.[H]Cl
216,O=C(C(N1C2=O)=C(SC3CN(C4=NCCS4)C3)[C@H](C)[C@]1([H])[C@@]2([H])[C@H](O)C)OCOC(C(C)(C)C)=O
217,O=C(O)C(C)C(O)=O
218,N[C@@H](CSSC[C@@H](C(O)=O)N)C(O)=O
219,O=C1C(C2=CC=C(O)C=C2)=COC3=C([C@H]4[C@@H]([C@H]([C@@H]([C@@H](CO)O4)O)O)O)C(O)=CC=C13
220,O=C(OC)NC1=NC2=CC=C(C(C3=CC=CS3)=O)C=C2N1
221,O=CC1=C(O)C(C)=NC=C1COP(O)(O)=O
222,[O-][N+]1=C2C=CC=CC2=[N+]([O-])C(/C=N/NC(OC)=O)=C1
223,C[C@@]1([C@H]2OC(C)=O)[C@](CC2)([H])[C@@](CCC3=C4C=CC(O)=C3)([H])[C@]4([H])CC1
224,O=S(C1=CC=C(N)C=C1)(NC2=NC(OC)=NC(OC)=C2)=O
225,O=C1NOC[C@@H]1N
226,CN(CC1=CC=C(C(C)(C)C)C=C1)CC2=C3C=CC=CC3=CC=C2.[H]Cl
227,[H][C@]12[C@]3([H])C[C@H](O)[C@@]4([H])C[C@@H](O)CC[C@]4(C)[C@@]3([H])C[C@]([H])1[C@]5([H])CN6C[C@@H](C)CC[C@]([H])6[C@@](C)(O)[C@]([H])5CC2
228,O=C(OCCCCNC(N)=N)C1=CC(OC)=C(O)C(OC)=C1.[H]Cl
229,C[C@@]1(CC[C@@H]2O)[C@](C[C@H]3O)([H])[C@](CC[C@@]1([H])C2(C)C)(C)[C@@]4(C)[C@@]3([H])[C@]([C@](CCC5)(C)OC5(C)C)([H])CC4
230,CN(CC1)CC2N1C3=CC=CC=C3CC4=CC=CC=C24.Cl
231,OC1=C(C2=O)C(OC(C3=CC=C(O)C=C3)=C2)=CC(O[C@@H]([C@@H]([C@@H](O)[C@@H]4O)O)O[C@@H]4CO)=C1OC
232,O=C(N1)N(C)C2=C(N(C)C=N2)C1=O
233,NC1=NC=C(CC2=CC=C(OC)C(OC)=C2)C(N)=N1
234,O=C1[C@]2(C(OC)=CC(C[C@H]2C)=O)OC3=C(Cl)C(OC)=CC(OC)=C13
235,C[C@@H]1[C@]2(OC[C@@H](C)CC2)O[C@@]3([H])C[C@@]4([H])[C@]5([H])CC[C@]6([H])C[C@@H](O)CC[C@]6(C)[C@@]5([H])CC[C@]4(C)[C@]31[H]
236,C[C@]([C@@]1([H])[C@]2(CC[C@@H]3O)C)(CC[C@@]2([H])C3(C)C)[C@@](C4=CC1)(CC[C@]5(C(O)=O)[C@@]4([H])CC(C)(C)CC5)C
237,O[C@H]([C@H]([C@@H]([C@@H](CO)O1)O)O)[C@@H]1OC2=CC(/C=C/C3=CC=C(O)C=C3)=CC(O)=C2.[(E)]
238,CN1CC(C(C=CC=C2)=C2C3)=C(CC1)C4=C3C=CC=C4.O=C(O)/C=C\C(O)=O
239,O=C1NC(CN1C)=O
240,O[C@H]([C@@H](O)[C@@H]1O)[C@](O[C@@H]1CO)([H])O[C@H]2[C@@]([C@H]3C)([H])[C@@](C[C@@H]3O)([H])C(C(OC)=O)=CO2
241,C[C@@]12[C@@H](O)CC[C@@]1([H])[C@]3([H])CCC4=C(C=CC(OC(C5=CC=CC=C5)=O)=C4)[C@@]3([H])CC2
242,O=C(C=C(C1=CC=C(O)C=C1)OC2=CC(O[C@@H]([C@@H]([C@@H](O)[C@@H]3O)O)O[C@@H]3C(O)=O)=C4O)C2=C4O
243,O=C(O)C1=CC=CC=C1C(NC2=CC=C(S(=O)(NC(C)=O)=O)C=C2)=O
244,O=C1C(C2=CC=C3C(C=CC(C)(C)O3)=C2)=COC4=CC(O)=CC=C14
245,O=C(C(C=C1C2=O)=CC(OC(C)=O)=C1C(C3=C2C=CC=C3OC(C)=O)=O)O
246,O=S(C1=CC=C(N)C=C1)(NC2=NN=C(Cl)C=C2)=O
247,OC(C1=C2C[C@@]3([H])[C@](C=C4OC)([H])[C@@]1(CCN3C)CC4=O)=C(C=C2)OC.Cl
248,O=C(C1=C(OC)C=C(O)C(C/C=C(C)\C)=C1O)/C=C/C2=CC=C(O)C=C2.[(E)]
249,CN1CCC2=CC(OC)=C(OC)C3=C2[C@@]1([H])CC4=CC=CC=C34
250,N[C@@H](C(C)C)C(OCCOCN1C=NC2=C1N=C(N)NC2=O)=O.Cl
251,OC1=CC(O)=C(C(C(C2=CC=C(O[C@H]3[C@H](O)[C@@H](O)[C@H](O)[C@@H](CO)O3)C=C2)=CO4)=O)C4=C1
252,O=C1N(CC(C[C@@H]2NCCC[C@H]2O)=O)C=NC3=C1C=C(Cl)C(Br)=C3
253,O=C([C@]1(O)C[C@@H](OC(/C=C/C2=CC=C(O)C(O)=C2)=O)[C@@H](O)[C@H](O)C1)O
254,O=C1OC[C@@H](O)/C1=C\C[C@@H]2C(CC[C@]3([H])[C@](C)(CO)[C@H](O)CC[C@@]23C)=C
255,OC1=CC2=C(C(C(O[C@@H]3O[C@H](CO)[C@@H](O)[C@H](O)[C@H]3O)=C(C4=CC=C(O)C=C4)O2)=O)C(O)=C1
256,CC1=C[C@@H]2[C@@]3(O)[C@H](OC/C3=C\C=C\[C@H](C)C/C(C)=C/C[C@@H](O[C@@]4(CC[C@H](C)[C@@H](C)O4)C5)C[C@@H]5OC2=O)/C1=N\O.CC6=C[C@@H]7[C@@]8(O)[C@H](OC/C8=C\C=C\[C@H](C)C/C(C)=C/C[C@@H](O[C@@]9(CC[C@H](C)[C@@H](CC)O9)C%10)C[C@@H]%10OC7=O)/C6=N\O
257,O=C(C1=CN(C2CC2)C3=C(C(N)=C(F)C(N4C[C@H](C)N[C@H](C)C4)=C3F)C1=O)O
258,CC/C=C\C/C=C\C/C=C\CCCCCCCC(OC)=O
259,CC(OCC1=NN(CC2=CC=CC=C2)C3=C1C=CC=C3)(C)C(O)=O
260,O=C(O)C1=C(CCCCCCCCCCCCCCC)C=CC=C1O
261,O=C1C2=C(C=CC=C2O)C(C3=CC=CC(O)=C13)=O
262,O[C@@]([C@@H](C)C1=NC=NC=C1F)(CN2N=CN=C2)C(C(F)=C3)=CC=C3F
263,C[C@H](CCC([O-])=O)[C@H]([C@]12C)CC[C@@]1([H])[C@]3([H])C(C[C@]4([H])CC(CC[C@]4(C)[C@@]3([H])CC2=O)=O)=O.[Na+]
264,O=C(N(C1=CC=C(OC2=CC=C(SC(F)(F)F)C=C2)C(C)=C1)C(N3)=O)N(C)C3=O
265,O=C1OC[C@]2([H])[C@@H](O)C3=C(C=C4OCOC4=C3)[C@@H](C5=CC(OC)=C(OC)C(OC)=C5)[C@@]21[H]
266,O=C1[C@]2([H])[C@](COC3=CC(OC)=C(OC)C=C32)([H])OC4=C5C=CC(C)(C)OC5=CC=C14
267,CN(C)CCOC(C1=CC=CC=C1)C2=CC=CC=C2.Cl
268,O=C1CC2=CC=C3C(OCO3)=C2CN(C)CCC4=CC5=C(OCO5)C=C41
269,O=C(O[C@H]1[C@@H](C2=CC=C(O)C(O)=C2)OC3=CC(O)=CC(O)=C3C1)C4=CC(O)=C(O)C(O)=C4
270,O=C1C2=CC=C(O[C@@H]([C@@H]([C@@H](O)[C@@H]3O)O)O[C@@H]3CO)C=C2OC=C1C4=CC(O)=C(OC)C=C4
271,C[C@@]1([C@@]2(O)C(CO)=O)[C@](CC2)([H])[C@@](CCC3=CC4=O)([H])[C@]([C@]3(CC4)C)([H])[C@@H](O)C1
272,O=C(O)CNC(N)=N
273,OC[C@@H]1[C@@H](O)[C@@H](O)[C@H](N2C=NC(C(N)=O)=C2N)O1.O=P(O)(O)O
274,COC1=CC=C2C(CN3CCC4=CC(OC)=C(OC)C=C4C3C2)=C1OC
275,O=C1C(O)=C(CCCCCCCCCCC)C(C(O)=C1)=O
276,O=C1C[C@@H](C2=CC=C(O)C=C2)OC3=CC(O)=C(C/C=C(C)\C)C=C13
277,O=C1C=CC2=CC=C(OC)C(C/C=C(C)\C)=C2O1
278,O=C1C(O)=C(C2=CC=C(O)C(OC)=C2)OC3=CC(O)=CC(O)=C13
279,O[C@@H]1C(C2([C@H]3O)[C@](OC3=O)([H])O4)([C@@](O5)([H])C[C@H]2C(C)(C)C)C4(C5=O)[C@@](O)([C@@H]6C)[C@@]1([H])OC6=O
280,COC1=C(O)C(OC)=CC(C=CC(OCC[N+](C)(C)C)=O)=C1.N#C[S-]
281,C[C@@]([C@@]1([H])C2=O)(CC[C@H](O)C1)[C@]3([H])[C@](C2)([H])[C@@](CC[C@]4([H])[C@@]5([H])CN(C[C@@H](C)CC6)[C@]6([H])[C@]4(O)C)([H])[C@@]5([H])C3
282,O[C@H]1[C@H](O)[C@@H](CO)O[C@H](O[C@]2(CO)O[C@H](CO)[C@@H](O)[C@@H]2O)[C@@H]1O
283,O=C(C=C(C1=CC=C(O)C=C1)OC2=CC(O[C@@H]([C@@H]([C@@H](O)[C@@H]3O)O)O[C@@H]3CO)=C4)C2=C4O
284,C[C@@]1([C@@]2(O)C(COC(C)=O)=O)[C@](C[C@H]2C)([H])[C@@](CCC3=CC4=O)([H])[C@@](F)([C@]3(C=C4)C)[C@@H](O)C1
285,OC1=CC(Cl)=CC=C1OC2=CC=C(Cl)C=C2Cl
286,OC1=CC(/C=C\C2=CC(OC)=C(OC)C(OC)=C2)=CC=C1OC
287,O=C(N/N=C/C1=CC=C(N(CC)CC)C=C1)C2=CC=C(O)C=C2
288,O=C1C(C2=CC=C(O)C=C2)=COC3=CC(O)=C(OC)C(O)=C13
289,ClC1=CC=C(C(OCC2=C(Cl)SC=C2)CN3C=CN=C3)C(Cl)=C1
290,COC1=CC2=C(N=CC=C2[C@H]([C@@]3([H])[N@](C[C@@H]4C=C)CC[C@@]4([H])C3)O)C=C1.Cl.O.O
291,ClC[C@]1(O[C@H](CCl)[C@@H](O)[C@@H]1O)O[C@H]([C@@H]([C@@H](O)[C@H]2Cl)O)O[C@@H]2CO
292,CN[C@@H]([C@H]([C@@H](NC)[C@@H]1O)O)[C@]2([H])[C@]1([H])O[C@@](O[C@H](C)C3)([H])[C@](O)(C3=O)O2.Cl.Cl
293,O=C1[C@@H](C)[C@]2(O)[C@@]3(C4=O)C(C5([C@@H](O)C(O6)=O)C6O3)([C@H](O4)C[C@H]5C(C)(C)C)C[C@]2([H])O1
294,O=C(C(N12)=C(C=C)CS[C@]2([H])[C@H](NC(/C(C3=CSC(N)=N3)=N\O)=O)C1=O)O
295,O=C1OC[C@]2([H])[C@H](O)C3=C(C=C4OCOC4=C3)[C@@H](C5=CC(OC)=C(O)C(OC)=C5)[C@]21[H]
296,O=C(NC1=O)N(N=C1)C2=CC(Cl)=C(C(C#N)C3=CC=C(Cl)C=C3)C(Cl)=C2
297,OC(COC1=CC=C(C=C1C)SCC2=C(N=C(S2)C3=CC=C(C=C3)C(F)(F)F)C)=O
298,C1(C(CC[N+]2=C1C=C(C=C3)C(C4=C3OCO4)=C2)=C5)=CC6=C5OCO6.[Cl-]
299,CCCCC[C@H](O)CC(CCC1=CC=C(O)C(OC)=C1)=O
300,OC1=CC=C(C[C@H](C)[C@H](C)CC2=CC=C(OCO3)C3=C2)C=C1OC
301,CC(/C=C/C=C(/C=C/C1=C(CCCC(C)1C)C)C)=C\COC(C)=O
302,C[C@]1([C@](CC2)([H])[C@]3([H])CC[C@@]4([H])C[C@H](O)CC[C@]4(C)[C@@]3([H])CC1)C2=O
303,O[C@@]1(C(/C(C)=C\[C@@H](C2(C)C)[C@@H]2CCC3=C)=O)[C@]([C@H]3O)([H])[C@@H](O)[C@@H](C)C1
304,C=C[C@@H]([C@@H]1O[C@]([C@@H]([C@@H](O)[C@@H]2O)O)([H])O[C@@H]2CO)C(C3=CO1)=CCOC3=O
305,O=C(C1=CN(CC)C2=C(C=C(F)C(N3CCN(C)CC3)=C2)C1=O)O.CS(=O)(O)=O
306,C=C[C@H]1C[N@](CC[C@H]1C2)[C@@]2([H])[C@@H](O)C3=CC=NC4=CC=C(OC)C=C34
307,C[C@]1([C@@]2(CC[C@@]3([H])C4(C)C)C)[C@@](CC[C@]2([H])[C@]3(CC[C@@H]4O)C)([H])[C@]([C@@H]5C(C)=C)([H])[C@](C)(CC5)CC1
308,C/C1=C\C=C/[C@@H]([C@H](/C(C)=C/[C@@H]([C@H]([C@H](C[C@@H](CC(C(C(NC1=O)=CC2=O)=O)=C2NCCN(C)C)C)OC)O[H])C)OC(N)=O)OC.Cl
309,O=C(C(N12)=C(/C=C\C3=C(C)N=CS3)CS[C@]2([H])[C@H](NC(/C(C4=CSC(N)=N4)=N\OC)=O)C1=O)OCOC(C(C)(C)C)=O
310,O=C(NCC(O)=O)[C@H](CSSC[C@@H](C(NCC(O)=O)=O)NC(CC[C@H](N)C(O)=O)=O)NC(CC[C@H](N)C(O)=O)=O
311,O=C([C@@](CCCC1)([H])N1C(C([C@@]2(O)[C@H](C)C[C@H](OC)[C@@](O2)([H])[C@@H](OC)C[C@@H](C)C/C(C)=C/[C@H]3CC)=O)=O)O[C@H](/C(C)=C/[C@H]4C[C@@H](OC)[C@H](O)CC4)[C@H](C)[C@@H](O)CC3=O
312,O=C1[C@@H]2[C@@]3(O2)[C@](CC[C@@]([C@@]4([C@@](CC(OC4)=O)([H])OC5(C)C)[C@@]5([H])CC6=O)([H])[C@]36C)(C)[C@H](C7=COC=C7)O1
313,O=C(N/N=C/C1=CC=C([N+]([O-])=O)O1)N
314,O=C1C(O)=CC(C(C)C)=CC=C1
315,C[C@@H]([C@@H]([C@@](C(O[C@@H]([C@@](C)(O)[C@@H]1O)CC)=O)([H])C)O[C@@](O[C@@H](C)[C@@H]2O)([H])C[C@@]2(C)OC)[C@H]([C@](O)(C[C@H](CN([C@@H]1C)C)C)C)O[C@@](O[C@H](C)C[C@@H]3N(C)C)([H])[C@@H]3O
316,C[C@@H]([C@@]1([H])CC[C@]2(C)[C@]1(C)CCC34C2CCC5[C@@]3(CC[C@H](OC(/C=C/C6=CC(OC)=C(O)C=C6)=O)C5(C)C)C4)CC/C=C(C)\C
317,O=C(O[C@H]1[C@]([C@H](C)CC2)(C)[C@@](C(CC3)=O)([H])[C@]32[C@@H](C)[C@H](O)[C@](C)(C=C)C1)CSCCN(CC)CC.O=C(O)/C=C/C(O)=O
318,CC1(C)C(CC[C@]2(C)[C@@]3([H])CC[C@]4([H])[C@@]5([H])[C@H](C(C)=C)CC[C@@](C(O)=O)5CC[C@](C)4[C@@](C)3CC[C@@]12[H])=O
319,O=C(C1=CC=CC=C1)OCC(C(C2(O)O3)C4)(C3OC5(C2)C)C45OC(C(C(O)C6O)O)OC6COC(C7=CC=CC=C7)=O
320,O=C(O)[C@H](CC1=CC=CC=C1)NC([C@H](CC(C)C)N)=O
321,OC[C@H]([C@H]([C@@H]([C@@H](CO)O)O)O)O
322,CC1(C)C(CC[C@]2(C)[C@@]3([H])CC=C4[C@]5([H])CC(C)(C)CC[C@@](C(O)=O)5CC[C@](C)4[C@@](C)3CC[C@@]12[H])=O
323,COC1=CC=C2C(CN3CCC4=CC(OC)=C(OC)C=C4[C@]3([H])C2)=C1OC
324,O=C(C1=CC=CN=C1)N
325,O=C(O)CC/C(C)=C/CC1=C(O)C2=C(COC2=O)C(C)=C1OC
326,O[C@H]([C@H]([C@@H]([C@@H](C(O)=O)O1)O)O)[C@@H]1OC2=C(O)C(O)=C3C(C=C(C4=CC=CC=C4)OC3=C2)=O
327,N[C@@H](CC1=CNC2=CC=CC=C12)C(O)=O
328,NC(C[C@H](NC[C@@H](N)C(N)=O)C1=NC(N)=C(C)C(C(N[C@H](C(N[C@@H](C)[C@@H]([C@@H](C)C(N[C@@H](C(NCCC2=NC(C3=NC(C(NCCC[S+](C)C)=O)=CS3)=CS2)=O)[C@H](O)C)=O)O)=O)C(C4=CNC=N4)O[C@@H]5[C@]([H])(O[C@@H]6[C@@H](O)[C@@H](OC(N)=O)[C@H](O)[C@@H](CO)O6)[C@H](O)[C@@H](O)[C@@H](CO)O5)=O)=N1)=O.[O-]S(=O)(O)=O
329,CC(C)(C1=CC[C@@]2([H])[C@@]3(C[C@@H](O)[C@@H]([C@]3(C4)C)[C@@](C)(O)C(/C=C/C(C)(O)C)=O)C)C(C(O)=C[C@@]1([H])[C@]2(C)C4=O)=O
330,O=C1[C@@H](NC(/C(C2=NSC(NP(O)(O)=O)=N2)=N\OCC)=O)[C@@]3([H])SCC(SC4=NC(C5=CC=[N+](C)C=C5)=CS4)=C(C(O)=O)N13.CC([O-])=O
331,O[C@@]1(C(C(C(N)=O)=C2O)=O)[C@@]([C@@H]2N(C)C)([H])C[C@@]([C@](O)(C3=CC=C4)C)([H])C(C(C3=C4O)=O)=C1O.Cl
332,CC1=NC=C([N+]([O-])=O)N1CC(CCl)O
333,CN1[C@@H]2[C@H](O3)[C@H]3[C@H]1C[C@@H](OC([C@@H](C4=CC=CC=C4)CO)=O)C2.Br
334,C[C@@]1([C@@]2([H])[C@H](C)CCC(O)=O)[C@](CC2)([H])[C@@](CC[C@@]3([H])[C@@]4(CC[C@@H](O)C3)C)([H])[C@]4([H])C[C@@H]1O
335,O[C@@H]1[C@@](O)(CO)C[C@H](NC(CO)CO)[C@H](O)[C@H]1O
336,N[C@@H]([C@H](O)C)C(O)=O
337,NC(NCCCCN)=N.O=S(O)(O)=O
338,C[C@@]12[C@@H](OC(CCC3CCCC3)=O)CC[C@@]1([H])[C@]4([H])CCC5=C(C=CC(O)=C5)[C@@]4([H])CC2
339,OC[C@@H](O[C@@](O[C@]([C@@H]1O)([H])[C@H](O[C@@](O[C@]([C@@H]2O)([H])[C@H](O[C@@](O[C@@]3([H])[C@@H]4O)([H])[C@@H]2O)CO)([H])[C@@H]1O)CO)([H])[C@@H]5O)[C@](O[C@](O[C@H](CO)[C@](O[C@](O[C@H](CO)[C@](O[C@](O[C@@H]3CO)([H])[C@@H]4O)([H])[C@@H]6O)([H])[C@@H]6O)([H])[C@@H]7O)([H])[C@@H]7O)([H])[C@@H]5O
340,CO[C@@]([C@@]1([H])C2)(C[C@@H](COC(C3=CN=CC(Br)=C3)=O)CN1C)C4=C5C2=CN(C)C5=CC=C4
341,O=S(C1=CC=C(N)C=C1)(NC2=NC=CN=C2OC)=O
342,NCCC1=CNC=N1.O=P(O)(O)O.O=P(O)(O)O
343,O=C1C2=CC=CC=C2N(C)[C@](N1CC3)([H])C4=C3C5=CC=CC=C5N4
344,O=C1OC[C@H](CC2=CC=C(OC)C(OC)=C2)[C@H]1CC3=CC=C(O)C(OC)=C3
345,O=C(OC(C)(C)C)N[C@@H](C1=CC=CC=C1)[C@H](C(O[C@@H]2C(C)=C([C@@H](O)C([C@@]3(C)[C@]([C@@](CO4)(OC(C)=O)[C@@]4([H])C[C@@H]3O)([H])[C@@H]5OC(C6=CC=CC=C6)=O)=O)C(C)(C)[C@@]5(O)C2)=O)O
346,CC(N[C@H](C1=C2)CCC3=CC(OC)=C(OC)C(OC)=C3C1=CC=C(OC)C2=O)=O
347,O=C(C1=CC(OCCCC)=NC2=CC=CC=C12)NCCN(CC)CC.Cl
348,O=C1C(C2=CC=C(O)C=C2)=COC3=CC(O)=CC=C13
349,O=C(O)[C@@H](N)CC(C1=CC=CC=C1N)=O
350,O=C(O)/C=C/C1=CC=C(O)C(OC)=C1
351,O=C(CCC(OCC)=O)O[C@H]([C@H]1N(C)C)[C@](O[C@H](C)C1)([H])O[C@@H]([C@](O)(C[C@H](C([C@@H]([C@@H](O)[C@@]2(O)C)C)=O)C)C)[C@H]([C@@H]([C@H](C(O[C@@H]2CC)=O)C)O[C@@](O[C@@H](C)[C@@H]3O)([H])C[C@@]3(C)OC)C
352,NC1=C2C(N([C@H]3[C@@H]([C@@H]([C@@H](CO)O3)O)O)C=C2)=NC=N1
353,CCCCCCCCCCCCCCC(=O)O
354,NCCS(O)=O
355,O=C(O)/C=C/C1=CC=C(O)C(O)=C1
356,CCCCCCCCCCCCCCCC(O)=O
357,O=C(O)C1=CC=CC=C1
358,CN1C=NC(N([C@H]2[C@H](O)[C@H](O)[C@@H](CO)O2)C=N3)=C3C1=O
359,NCCCCNCCCN[C@H]1CC[C@@]2(C)[C@](C[C@@H](O)[C@]3([H])[C@]2([H])CC[C@@]4(C)[C@@]3([H])CC[C@]4([H])[C@H](C)CC[C@@H](OS(=O)(O)=O)C(C)C)([H])C1.C[C@@H](C(O)=O)O
360,C[C@@]12[C@](C(COC(CCC(O)=O)=O)=O)(O)CC[C@@]1([H])[C@]3([H])C[C@H](C)C4=CC(C=C[C@]4(C)[C@@]3([H])[C@@H](O)C2)=O
361,OCCC1=CC=CC=C1
362,[H][C@]1([C@](C)(CC2)O[C@]32[C@H](O)C=C[C@]4(O[C@]([H])([C@@H](CC)C([C@@H](C)[C@@H](O)[C@H](C)[C@]5([H])O[C@]([C@@H](CC)C(O)=O)([H])CC[C@@H]5C)=O)[C@@H](C)C[C@H]4C)O3)CC[C@@](CC)(O)[C@H](C)O1
363,O=C([C@H]([C@H]1C2=CC=CC=C2)[C@@H](O)[C@]3(O)[C@@]1(C4=CC=C(OC)C=C4)OC5=CC(O[C@@H]6O[C@@H]([C@H](O)CO)CO[C@H]6OC)=CC(OC)=C35)OC
364,O=C([C@@H]1C2=CC(C(C3=CC=CC(O)=C43)=O)=C(C4=O)C(O)=C2[C@@H](O[C@@](O[C@@H](C)[C@H]5O[C@@](O[C@@H](C)[C@H]6O[C@](CCC7=O)([H])O[C@H]7C)([H])C[C@@H]6O)([H])C[C@@H]5N(C)C)C[C@]1(O)CC)OC.Cl
365,O=[N+]([O-])C1=NC=CN1
366,O=C1NC(N)=NC2=C1C(CCC3=CC=C(C(N[C@H](C([O-])=O)CCC([O-])=O)=O)C=C3)=CN2.[Na+].[Na+]
367,O=C(O)/C=C/C1=CC=CC=C1
368,O=C1N(CC(C[C@@H]2NCCC[C@H]2O)=O)C=NC3=C1C=C(Cl)C(Br)=C3.Br
369,C[C@]([C@]1([H])CC2)(CCC[C@@]1(C)C(O[C@@H]([C@@H]([C@@H](O)[C@@H]3O)O)O[C@@H]3CO)=O)[C@@]4([H])[C@]2(CC5=C)C[C@@]5(O[C@]([C@@H]([C@@H](O)[C@@H]6O)O)([H])O[C@@H]6CO)CC4
370,N[C@@H](CC1=CC=CC=C1)C(O)=O
371,CCCC(CCC)C(N)=O
372,O=C(N1C2=CC=CC=C2CC(C3=CC=CC=C31)=O)N
373,O=C1C(C2=CC=C(O)C(C/C=C(C)\C)=C2)=COC3=CC(O)=CC=C13
374,NCCC1=CN=CN1
375,C[C@H](O)CC(O)=O
376,O=C1C=C(C2=CC=C(OC)C(O)=C2)OC3=CC(O[C@H]4[C@@H]([C@H]([C@@H]([C@@H](CO[C@H]5[C@@H]([C@@H]([C@H]([C@H](C)O5)O)O)O)O4)O)O)O)=CC(O)=C13
377,O=C(OC)C1=CC=CC=C1O
378,N[C@H](C(O)=O)CC(N)=O
379,O=C1C(C([O-])=C1)=O.[Na+]
380,NC(N)=O
381,C[C@H](O)C(O)=O
382,O=C(O)C(F)(F)F.CC(C[C@H](NC([C@@H](NC([C@@H](NC(CC(C)C)=O)C(C)C)=O)C(C)C)=O)[C@@H](O)CC(N[C@@H](C)C(N[C@@H](CC(C)C)[C@@H](O)CC(O)=O)=O)=O)C
383,O=C1C2=C(O)C=C(O)C=C2OC(C3=CC=C(O)C(O)=C3)=C1O[C@@H]4O[C@H](C(O)=O)[C@@H](O)[C@H](O)[C@H]4O
384,OC[C@@H]1[C@H](C[C@H](N2C(N=C(C=C2)N)=O)O1)O
385,O[C@H]1[C@@H](O)[C@H](O)[C@@](O)(CO)OC1
386,C[C@@]1([C@@]2([H])[C@H](C)CCC([O-])=O)[C@](CC2)([H])[C@@](CC[C@@]3([H])[C@@]4(CC[C@@H](O)C3)C)([H])[C@]4([H])C[C@@H]1O.[Na+]
387,O=C(C[C@H](O)C1(C)C)O[C@H](/C(C)=C/C2=CSC(C)=N2)C[C@]3([H])O[C@]3([H])CCC[C@H](C)[C@H](O)[C@@H](C)C1=O
388,O[C@H]1[C@H](C(C)C)CC[C@@H](C)C1
389,C[C@]([C@H](OC([C@@](F)(C([C@H](C)[C@H]1O[C@@](O[C@H](C)C[C@@H]2N(C)C)([H])[C@@H]2O)=O)C)=O)CC)(O3)[C@]([C@H](C([C@@H](C[C@@]1(C)OC)C)=O)C)([H])N(CCCCN4C=C(C5=CC(N)=CC=C5)N=N4)C3=O
390,O=C(O[C@@H](C)CCC1)C2=C(O)C=C(O)C=C2/C=C/CCCC1=O
391,O[C@H](CO)[C@H]([C@H](O)[C@H](CO)O)O[C@@H]1[C@H](O)[C@@H](O)[C@H](O)[C@@H](CO)O1
392,O=C1C(C2(C)C)(C)CCC2C1
393,O=C(O)C1=CC(O)=C(O)C(O)=C1
394,O=C1C=CC2=CC=C(O)C=C2O1
395,OC[C@@H](O[C@@]1(O[C@@H]2[C@@H](CO)O[C@@H]([C@@H]([C@H]2O)O)O[C@@]([H])([C@@H]([C@H](C=O)O)O)[C@@H](CO)O)[H])[C@H]([C@@H]([C@H]1O)O)O
396,CC1=NNC=C1
397,O[C@@H]([C@@H](O)[C@@H]1O)[C@H](O[C@@H]1CO)OC2=C(C3=CC([C@@](C4=O)([H])NC([C@@](NC([C@](NC([C@@](NC5=O)([H])C6)=O)([H])C(C=C7OC(C=C8[C@H]5NC)=C(C=C8)O)=C(C(O)=C7)Cl)=O)([H])C9=CC%10=C(O[C@H](O[C@H](C(O)=O)[C@@H](O)[C@@H]%11O)[C@@H]%11NC(CCCCCCCCC(C)C)=O)C(OC%12=CC=C6C=C%12)=C9)=O)=CC=C3O)C([C@@](NC([C@](N4)([H])[C@@H](C%13=CC=C(O%10)C(Cl)=C%13)O)=O)([H])C(NCCCN(C)C)=O)=CC(O)=C2
398,O=C(O)C1=CC=C(O)C(OC)=C1
399,O=C(N1)SC(CC2=CC=C(OCCC3=NC=C(CC)C=C3)C=C2)C1=O
400,O=C(OCCC)C1=CC=C(O)C=C1
401,N[C@@H](CC1=CNC2=CC=C(O)C=C12)C(O)=O
402,C[C@]([C@@]1([H])[C@]2(CC[C@@H]3O[C@@](OC[C@H](O[C@]([C@@H]([C@@H](O)[C@@H]4O)O)([H])O[C@@H]4CO)[C@@H]5O)([H])[C@@H]5O[C@@](O[C@@H](C)[C@H](O)[C@H]6O)([H])[C@@H]6O)C)(CC[C@@]2([H])[C@]3(C)CO)[C@@](C7=CC1)(CC[C@]8(C(O)=O)[C@@]7([H])CC(C)(C)CC8)C
403,O=C1N(C[C@@]2([H])C[C@]3([H])CNC2)C3=CC=C1
404,O=C1NC=NC2=C1N=CN2
405,C[C@]1([C@](CC2)([H])[C@]3([H])CC=C4C[C@@H](OC(C)=O)CC[C@]4(C)[C@@]3([H])CC1)C2=O
406,OC(C(/C=N/N1CCN(C)CC1)=C(NC(/C(C)=C\C=C\[C@@H]([C@@H]([C@@H](C)[C@H]2O)O)C)=O)C(O)=C3C(O)=C4C)=C3C5=C4O[C@](C)(O/C=C/[C@@H]([C@H]([C@@]([C@@H]2C)([H])OC(C)=O)C)OC)C5=O
407,O[C@H]([C@H]([C@@H]([C@@H](CO)O1)O)O)[C@@H]1OC2=CC=CC=C2CO
408,O=C(OC)C(C=C1)=CC(OC)=C1O
409,O=C(O[C@@H]1C[C@@H](N2C)CC[C@@H]2C1)C(CO)C3=CC=CC=C3
410,OCC1=C(CO)C(O)=C(C)N=C1.Cl
411,NCCC(O)=O
412,CC1=C(CCO)SC=[N+]1CC2=CN=C(C)N=C2N.[Cl-].Cl
413,O=P(O)(OC[C@@H]1[C@H]([C@H]([C@H](N2C=NC3=C2N=CN=C3N)O1)O)O)O
414,OC1=CC=C2C[C@@H](C3=CC=C(O)C=C3)COC2=C1
415,[H]Cl.O=C1[C@](O)(CC)C2=C(CO1)C(N3CC4=CC5=C(CN(C)C)C(O)=CC=C5N=C4C3=C2)=O
416,O=C(C(N12)=C(COC(C)=O)CS[C@]2([H])[C@H](NC(CC3=CC=CS3)=O)C1=O)[O-].[Na+]
417,O=C1C([C@H](O)C/C=C(C)/C)=CC(C2=C1C(O)=CC=C2O)=O
418,O=C(OCCCCCCCC)C1=CC(O)=C(O)C(O)=C1
419,CC1(C)[C@@H](OC(/C(C)=C/C)=O)[C@H](OC(C)=O)[C@@]([C@H](O)C[C@]2(C)C3=CC[C@@]4([H])[C@@]2(C)CC[C@]5([H])[C@]4(C)CC[C@H](O[C@@H]6O[C@H](C(O)=O)[C@@H](O[C@@H]7[C@@H](O)[C@H](O)[C@@H](O)[C@H](CO)O7)[C@H](O)[C@H]6O[C@@H]8OC(CO)[C@@H](O)[C@H](O)[C@H]8O)[C@@]5(CO)C)(CO)[C@@]3([H])C1
420,OC(C(F)(F)F)=O.[KGRGKQGGKVRAKAKTRSS]
421,O=S(CCCCN=C=S)C
422,O=C1C(O[C@H]2[C@@H]([C@H]([C@@H]([C@@H](CO[C@H]3[C@@H]([C@@H]([C@H]([C@H](C)O3)O)O)O)O2)O)O)O)=C(C4=CC=C(O)C(O)=C4)OC5=CC(O)=CC(O)=C15
423,O[C@H]1[C@H](O)[C@@H](O)[C@]([H])(O[C@]2([C@@]3(C)O[C@]4([H])O[C@@]5(C3)O)C[C@]5([H])[C@]24COC(C6=CC=CC=C6)=O)O[C@@H]1CO
424,O=P(OCC[N+](C)(C)C)(OC[C@H](O)CO)[O-]
425,O[C@H]1[C@H](O)[C@@H](OC(C)=O)[C@]([H])(O[C@@H]2C(C)(C)[C@@]([C@@H](O[C@]3([H])O[C@H](CO)[C@@H](O)[C@H](O)[C@H]3O)C[C@]4([H])[C@@]56CC[C@@]7(C)[C@@]4(C)C[C@H](O)[C@@]7([C@]8(C)O[C@H](C(O)(C)C)CC8)[H])([H])[C@]5(C6)CC2)OC1
426,O[C@@H]([C@@H]1O)[C@@H](O[C@@H]1CO)N2C(N=CN=C3N)=C3N=C2
427,C[C@@]1(/C2=C/C)[C@](CC2=O)([H])[C@@]3([H])[C@]([C@@]4(C(CC3)=CC(CC4)=O)C)([H])CC1
428,O=C(C(N12)=C(S[C@@H]3CN[C@H](CNS(=O)(N)=O)C3)[C@H](C)[C@]2([H])[C@@H]([C@H](O)C)C1=O)O.O
429,O=C(C1=C(O)C=C(O[C@H]2[C@@H]([C@H]([C@@H]([C@@H](CO)O2)O)O)O[C@@]3([H])[C@@H]([C@@H]([C@H]([C@H](C)O3)O)O)O)C=C1O)CCC4=CC=C(OC)C(O)=C4
430,O=C([C@@]([H])1[C@@H](C)O)N([C@@H]1S2)C(C(O[Na])=O)=C2[C@@H]3OCCC3
431,O=S(C1=CC=C(N)C=C1)(NC2=NC(Cl)=CN=C2)=O
432,O=S(C1=CC=C(N)C=C1)(NC2=NC=C(OC)C=N2)=O
433,C[C@@H](O[C@@]1([H])O[C@H]([C@H]([C@@H](CC2=O)O)C)[C@H](C[C@H](C(/C=C/C(C)=C/[C@H](CO[C@H](O[C@H](C)[C@@H](O)[C@H]3OC)[C@@H]3OC)[C@@H](CC)O2)=O)C)CC=O)[C@H]([C@@H]([C@H]1O)N(C)C)O[C@@](O[C@@H](C)[C@@H]4O)([H])C[C@]4(O)C.O[C@@H](C(O)=O)[C@@H](O)C(O)=O
434,C[C@@H](O[C@@]1([H])O[C@H]([C@H]([C@@H](CC2=O)O)C)[C@H](C[C@H](C(/C=C/C(C)=C/[C@H](CO[C@H](O[C@H](C)[C@@H](O)[C@H]3OC)[C@@H]3OC)[C@@H](CC)O2)=O)C)CC=O)[C@H]([C@@H]([C@H]1O)N(C)C)O[C@@](O[C@@H](C)[C@@H]4O)([H])C[C@]4(O)C
435,O=C(/C(C)=C/C)N[C@@H](C1=CC=CC=C1)[C@H](C(O[C@@H]2C(C)=C([C@@H](OC(C)=O)C([C@@]3(C)[C@]([C@](OC(C)=O)(CO4)[C@H]4C[C@@H]3O)([H])[C@@H]5OC(C6=CC=CC=C6)=O)=O)C(C)(C)[C@@]5(O)C2)=O)O
436,CCC(C)CCCC(N[C@@H](CCN)C(N[C@H](C(N[C@H](C(N[C@@H](CCNC([C@H]([C@H](O)C)N1)=O)C(N[C@@H](CCN)C(N[C@H](CC(C)C)C(N[C@@H](CC(C)C)C(N[C@@H](CCN)C(N[C@@H](CCN)C1=O)=O)=O)=O)=O)=O)=O)CCN)=O)[C@H](O)C)=O)=O.O=S(O)(O)=O
437,CC(C)/C=C/CCCCC(NCC1=CC=C(O)C(OC)=C1)=O
438,O=C(O)C1=CC=C(N)C=C1
439,C[C@@]1([C@@]2([H])[C@H](C)CCC(NCCS(=O)(O)=O)=O)[C@](CC2)([H])[C@@]([C@@H](C[C@]3([H])C[C@H](O)CC4)O)([H])[C@]([C@]34C)([H])CC1
440,O=S(C1=CC=C(N)C=C1)(NC2=NN=C(OC)C=C2)=O
441,O=C(C1=CN(C2=CC=C(F)C=C2)C3=C(C=C(F)C(N4CCNCC4)=C3)C1=O)O.Cl
442,O=C(O)CCCC[C@@H]1SC[C@]([C@]1([H])N2)([H])NC2=O
443,C=CCOC(C1=CC=C(Cl)C=C1Cl)CN2C=CN=C2
444,O=C(OCC)/C=C/C1=CC=C(O)C(OC)=C1
445,O=C1[C@]2([H])[C@](COC3=CC(OC)=C(OC)C=C32)([H])OC4=C5C(O[C@@H](C(C)=C)C5)=CC=C14
446,C1=C(C=CC(=C1)O)CCC(O)=O
447,O=CC1=CC=C(O)C(OCC)=C1
448,O=C(O)CCC(CN)=O.[H]Cl
449,SCCN.Cl
450,OCCN1C([N+]([O-])=O)=CN=C1C
451,O=C1OC(CCCC)C2=C1C=CC=C2
452,N#CC[C@H](C1CCCC1)N2N=CC(C3=C4C=CNC4=NC=N3)=C2.O=P(O)(O)O
453,[H][C@@]12CC3=C(Br)NC4=CC=CC(C1=C[C@@H](C(N[C@@]5(C(C)C)C(N6[C@@H](CC(C)C)C(N7CCC[C@]7([C@]6(O)O5)[H])=O)=O)=O)CN2C)=C43.OS(=O)(C)=O
454,C[C@@H]1O[C@H](C)CN(CC(C)CC2=CC=C(C(C)(C)CC)C=C2)C1.Cl
455,[H][C@@]12[C@](CCC3)(C=C(OC)[C@]2(OC([C@](CCCC(O)(C)C)(O)CC(OC)=O)=O)[H])N3CCC4=CC5=C(OCO5)C=C14
456,O[C@H]1[C@H](O)[C@@H](CO)O[C@@H](O[C@@H]2OC=C(C(O)=O)[C@]3([H])[C@@]2([H])C(CO)=CC3)[C@@H]1O
457,C[C@@]1([C@H]2O)[C@](C[C@H]2O)([H])[C@@](CCC3=C4C=CC(O)=C3)([H])[C@]4([H])CC1
458,O=C([C@H]([C@@H](OC)[C@H](OC(C1=CC(OC)=C(OC)C(OC)=C1)=O)C[C@]2([H])CN3CC4)[C@@]2([H])C[C@]3([H])C5=C4C(C=CC(OC)=C6)=C6N5)OC.Cl
459,O=C1C(C)=C(C/C=C(C)/CC/C=C(C)/CC/C=C(C)/CC/C=C(C)\C)C(C2=C1C=CC=C2)=O
460,N#C[C@@H]([C@@]1([H])N(C)[C@]2([H])C3=C(C=C(C)C(OC)=C3O)C1)N4[C@@]2([H])[C@@](SC[C@@]5(NCC6)C7=C6C=C(O)C(OC)=C7)([H])C8=C(C(OCO9)=C9C(C)=C8OC(C)=O)[C@]4([H])COC5=O
461,NC1=NC=C(CC2=CC(OC)=C(OC)C(OC)=C2)C(N)=N1
462,O[C@H]1[C@](O[C@H](C)[C@@H](O[C@@](O[C@@H](C)[C@@H]2OC(CC)=O)([H])C[C@]2(O)C)[C@@H]1N(C)C)([H])O[C@@H]([C@H](C[C@H]([C@H](/C=C/C=C/C3)O)C)CC=O)[C@H]([C@](CC(O[C@@H]3C)=O)([H])OC(CC)=O)OC
463,O=C(C(C1=O)=C(O)[C@@H](N(C)C)[C@]2([H])C[C@]3([H])CC4=C(C(C3=C(O)[C@@]21O)=O)C(O)=C(NC(CNC(C)(C)C)=O)C=C4N(C)C)N
464,O[C@H]([C@]1([H])[N@@](CC2)C[C@H](CC)[C@@H]2C1)C3=CC=NC4=CC=C(OC)C=C34
465,O[C@H]1CC[C@@]2(C3)[C@]([C@@H](O)C[C@]4([H])[C@@]23CC[C@@]5(C)[C@@]4(C)C[C@H](O)[C@]5([H])[C@@]6(C)O[C@@H](C(C)(C)O)CC6)([H])C1(C)C
466,C[C@](CC/C=C(C)/C)([C@]1([H])[C@]([C@H](O)C[C@@]2([H])[C@@]3(C)CC[C@]4([H])[C@]2(C)CC[C@H](O[C@]5([H])O[C@H](CO)[C@@H](O)[C@H](O)[C@H]5O[C@]6([H])O[C@H](CO)[C@@H](O)[C@H](O)[C@H]6O)C4(C)C)([H])[C@@]3(C)CC1)O[C@@H]7O[C@H](CO[C@@H]8O[C@@H](CO)[C@H](O)[C@H]8O)[C@@H](O)[C@H](O)[C@H]7O
467,O=C(C1(CCC(C)C2C)C2C3=CCC4C(C)(CC(O)C5C4(CC(O)C(O)C5(C)CO)C)C3(C)CC1)OC(C(C(O)C6O)O)OC6COC(C(C(O)C7OC(OC(C)C(O)C8O)C8O)O)OC7CO
468,OB1OCC2=CC(F)=CC=C21
469,O[C@@]1(C=O)[C@H]([C@@H](O[C@H]1C)O[C@]([C@@H]([C@@H](O)[C@@H]2NC(N)=N)O)([H])[C@H]([C@@H]2O)NC(N)=N)O[C@@](O[C@@H](CO)[C@H](O)[C@H]3O)([H])[C@H]3NC.[1.5H2SO4]
470,O=C1[C@H](N)CON1
471,O=C([O-])C1=C(O)C=CC(/N=N/C2=CC(C([O-])=O)=C(O)C=C2)=C1.[Na+].[Na+]
472,O=S(C1=CC=C(N)C=C1)(NC2=C(C)C(C)=NO2)=O
473,O=C1OC(CN2CCOCC2)CN1/N=C/C3=CC=C([N+]([O-])=O)O3.[H]Cl
474,O=S(C1=CC=C(N)C=C1)(NC2=NC=CC(C)=N2)=O
475,OCC(O)COC1=CC=CC=C1OC
476,CC1(C)[C@@]2(C)CC[C@@H]1CC2=O
477,C[C@]1([C@](CC2)([H])[C@]3([H])CC[C@@]4([H])C[C@@H](O)CC[C@]4(C)[C@@]3([H])CC1)C2=O
478,O=S(C1=CC=C(N)C=C1)(NC(N)=N)=O
479,NC1=C(C(C2=C(C1=O)[C@@H](COC(N)=O)[C@]3(OC)N2C[C@H]4[C@@H]3N4)=O)C
480,COC1=CC=C(/C=C/C2=CC(OC)=CC(OC)=C2)C=C1
481,O=C(C(N=C(C(NC(C1=NN=C(C)O1)=O)(C)C)N2C)=C([O-])C2=O)NCC3=CC=C(F)C=C3.[K+]
482,SC[C@@H](C(O)=O)NC(C)=O
483,O=C([C@@H]1N=C(C2=NC3=CC=C(O)C=C3S2)SC1)O
484,O=C(C1=CC=CC=C1)S/C(CCOC(C2=CC=CC=C2)=O)=C(N(CC3=CN=C(C)N=C3N)C=O)/C
485,O=C(O)[C@@H](N)CCN
486,CCN(C1=CC2=[O+]C3=C(C=CC(N(CC)CC)=C3)C(C4=CC=CC=C4C(O)=O)=C2C=C1)CC.[Cl-]
487,O[C@@H]1[C@@H](O)[C@H](C)O[C@@]([H])(O[C@H]2[C@H](O)[C@@H](O[C@]3([H])O[C@@H](C)[C@H](O)[C@@H](O)[C@H]3O)[C@@](O[C@@H]4CC5=CC[C@]([C@]([H])(C[C@@]6([H])[C@]7([H])[C@H](C)[C@]8(OC[C@H](C)CC8)O6)[C@]7(C)CC9)([H])[C@@]9([H])[C@@]5(C)CC4)([H])O[C@@H]2CO)[C@@H]1O
488,C[C@]([C@@]1(C2=C([C@H](C)C[C@H](O)[C@H](C(C)(O)C)OC(C)=O)CC1)C)(CC[C@@]3([H])C4(C)C)[C@]([C@H](C2)O)([H])[C@]3(CCC4=O)C
489,O=C(C1=CC=CO1)O
490,OC1=CC=C2C(CC[C@]3([H])[C@]2([H])CC[C@@]4(C)[C@@]3([H])CC[C@]4(C#C)O)=C1
491,O=C1C(C2=CC=C(OC)C=C2)=COC3=CC(O)=CC=C13
492,COC1=C(O)C=CC(CCC(CCCCCCC)=O)=C1
493,OC1=CC(CCCCC)=CC(O)=C1
494,C/C(C)=C/CNC1=C2N=CNC2=NC=N1
495,ClC1=C(N(C)C(C[C@H](OC(C(C)C)=O)[C@@](O2)(C)[C@]2([H])[C@H](C)[C@]3([H])C[C@](NC(O3)=O)(O)[C@H](OC)/C=C/C=C(C)/C4)=O)C=C4C=C1OC
496,O[C@H]([C@H](C[C@@H](C)O1)N(C)C)[C@]1([H])O[C@@H]2[C@H]([C@@H]([C@H](C(O[C@@H]([C@@](C)(O)[C@H](O)[C@@H](C)CN(CCC)[C@H](C)C[C@]2(O)C)CC)=O)C)O[C@@]3([H])C[C@](C)([C@@H](O)[C@H](C)O3)OC)C
497,OC1=C(C2=C(O)C(C(C=O)=C(O)C(O)=C3C(C)C)=C3C=C2C)C(C)=CC4=C(C(C)C)C(O)=C(O)C(C=O)=C41.O=C(O)C
498,OC[C@@H]1[C@@H](O)[C@H](O)[C@@H](O)[C@H](OC2=CC(O)=C(C(C(O[C@@H]3O[C@@H](C)[C@H](O)[C@@H](O)[C@H]3O[C@@]4([H])[C@H](O)[C@@H](O)[C@H](O)CO4)=C(C5=CC=C(OC)C=C5)O6)=O)C6=C2C/C=C(C)/C)O1
499,O=C([C@@](CC(OC)=O)(O)CCC(C)(O)C)O[C@H]1[C@](C2=CC(OCO3)=C3C=C2CCN4CCC5)([H])[C@]45C=C1OC
500,C[C@]([C@@](C[C@H]1O)([H])[C@]2(CC[C@@H]3O)C)(C[C@H](O[C@@](O[C@H](CO)[C@@H](O)[C@@H]4O)([H])[C@@H]4O[C@@](O[C@@H](C)[C@H](O)[C@H]5O)([H])[C@@H]5O)[C@@]2([H])C3(C)C)[C@]6([C@@]1([H])[C@]([C@@](C)(O)CC/C=C(C)/C)([H])CC6)C
501,N[C@@H](CCC/N=C(NC)/NC)C(O)=O
502,CC1=C(OC2=O)C(C(O)=C2NC(C3=CC(C/C=C(C)/C)=C([O-])C=C3)=O)=CC=C1O[C@H](OC(C)(C)[C@H](OC)[C@H]4OC(N)=O)[C@@H]4O.[Na+]
503,O=C1OC2(CCN(CCC3=CC=CC=C3)CC2)CN1.[H]Cl
504,O[C@@H]1[C@@H](C2=CC(O)=C(O)C=C2)OC3=CC(O)=CC(O)=C3C1
505,O=C(NC1=CC=CC=C1)NC2=CC(Cl)=NC=C2
506,O=C1C=CC2=CC=C(OC=C3)C3=C2O1
507,CC1(C)CC[C@@](CC[C@]2(C)C3=CC[C@@]4([H])[C@@]2(C)CC[C@]5([H])[C@]4(C)CC[C@H](O)[C@]5(CO)C)(C(O)=O)[C@@]3([H])C1
508,O=C(N[C@H]1CC2=CN=CN2)[C@@](CCC3)([H])N3C1=O
509,O=C(N1C)N(C)C2=C(NC(Cl)=N2)C1=O.CN(C)CCOC(C3=CC=CC=C3)C4=CC=CC=C4
510,O=C1N=C(N)C=CN1[C@H]2[C@H]([C@@H]([C@@H](CO)O2)O)O
511,CO[C@@H](CC1)C23[C@@](C[C@@]4(O)[C@@H]5OC(C6=CC=CC=C6)=O)([H])[C@@]5([H])[C@](OC(C)=O)([C@@H](O)[C@@H]4OC)C7C2N(C)C[C@@]1(COC)[C@@]3([H])[C@H]7OC
512,O=C(CC(N)CCCN)NCC(C(N/C(C(NC(C1NC(NCC1)=N)C2=O)=O)=C/NC(N)=O)=O)NC(C(NC(C(CN2)N)=O)C)=O.O=S(O)(O)=O
513,C[C@@]([C@@]12C)(C[C@H](O[C@]([C@@H]([C@@H](O)[C@@H]3O)O)([H])O[C@@H]3CO)[C@@]4([H])C5(C)C)[C@@](C[C@@H](O)[C@]1([H])[C@]([C@@](C)(O)CC/C=C(C)/C)([H])CC2)([H])[C@]4(CC[C@@H]5O)C
514,OC[C@@]1(C)[C@]2([H])CC[C@@]3(C)[C@]4(C)CC[C@@]5(C(O)=O)CCC(C)(C)C[C@@]5([H])C4=CC[C@]3([H])[C@@]2(C)CC[C@@H]1O[C@]6([H])OC[C@H](O)[C@H](O)[C@H]6O[C@@]7([H])[C@H](O)[C@H](O)[C@@H](O)[C@H](C)O7
515,O=C(N1CCC(N2CCCCC2)CC1)OC3=CC=C4N=C5C(CN6C(C(COC([C@@]7(CC)O)=O)=C7C=C65)=O)=C(CC)C4=C3.[H]Cl
516,CC(N1CCN(C2=CC=C(OC[C@@H]3O[C@@](CN4N=CN=C4)(C5=CC=C(Cl)C=C5Cl)OC3)C=C2)CC1)C
517,O=C(C(N12)=C(CSC3=NN=NN3C)CS[C@]2([H])[C@](OC)(NC(CSCC#N)=O)C1=O)[O-].[Na+]
518,O[C@]([C@@](CC[C@@]1([H])[C@@]2(CC[C@H](O[C@@](O[C@H](C)[C@H]3O[C@@](O[C@H](C)[C@H]4O[C@@](O[C@H](C)[C@H]5O)([H])C[C@@H]5O)([H])C[C@@H]4O)([H])C[C@@H]3O)C1)C)([H])[C@]2([H])C[C@H]6O)(CC[C@@H]7C(CO8)=CC8=O)[C@]67C
519,O[C@H]([C@H]1O)C2(O[C@@]([C@@H](N)CO)([H])[C@@H]1O)O[C@@]([C@@H](O[C@@H]3CO)O[C@@]([C@H]([C@H](N)C4)O)([H])[C@@H]([C@H]4NC)O)([H])[C@@]([C@H]3O)([H])O2
520,O[C@H]1[C@@H](O)C[C@@](C(OC[C@]2([H])[C@]3([H])CC[C@@]4(C)[C@]2(CC[C@]4([H])[C@H](C)[C@@H](O)[C@H](O)[C@H](C(C)C)C)[H])=O)([H])[C@]3(C)C1
521,O=C(C(N12)=C(CSC3=NN=NN3C)CS[C@]2([H])[C@H](NC([C@H](NC(N4C(C(N(CC)CC4)=O)=O)=O)C5=CC=C(O)C=C5)=O)C1=O)O
522,OC[C@H]([C@]1(O[C@@H]2[C@H](O)[C@@H](O)[C@@H]([C@H](O2)C)N[C@]3(C=C(CO)[C@H]([C@@H]([C@H]3O)O)O)[H])[H])O[C@@H]([C@@H]([C@H]1O)O)O[C@@]([H])([C@@H]([C@H](C=O)O)O)[C@@H](CO)O
523,CC1(C)CC[C@]2(C(O)=O)[C@H](O)C[C@@]3(C)[C@]4(C)CC[C@@]5([H])C(C)(C)[C@@H](O)CC[C@]5(C)[C@@]4([H])CC=C3[C@]2([H])C1
524,CC1(C)CC[C@]2(CO3)[C@H](O)C[C@@]4(C)[C@]([C@]5([H])C=C[C@]43[C@]2([H])C1)(C)CC[C@@]([C@]5(C)CC6)([H])[C@@](CO)(C)[C@H]6O[C@@](O[C@H](C)[C@@H]7O)([H])[C@H](O)[C@H]7O[C@@]8([H])[C@H](O)[C@@H](O)[C@H](O)[C@@H](CO)O8
525,OC1=C2C(OC=C(C3=CC=C(OC)C=C3)C2=O)=CC(O)=C1
526,OC1=C2C(OC(C3=CC=C(O)C=C3)=C(O)C2=O)=CC(O)=C1
527,C[C@@H]([C@@H](CC1=O)O)[C@H]([C@H](C[C@H](C(/C=C/C(C)=C/[C@H](CO[C@H](O[C@H](C)[C@@H](O)[C@H]2OC)[C@@H]2OC)[C@@H](CC)O1)=O)C)CCN(C[C@H](C)C3)C[C@H]3C)O[C@@](O[C@H](C)[C@@H](O)[C@@H]4N(C)C)([H])[C@@H]4O.O=P(O)(O)O
528,O=C(C1=CC=CC=C1)OC[C@@]2([C@@]([C@H](O)C[C@@]3(OC2=O)C)([H])C4)[C@]43O[C@@H]5O[C@@H]([C@@H](O)[C@H](O)[C@H]5O)CO
529,O=C1C=C(C2=CC=CC=C2)OC3=CC(O)=C(O)C(O)=C13
530,O=C1C(C2=CC=C(OC)C(O)=C2)=COC3=CC(O)=CC=C13
531,O=C1C=C(C)C2=CC=C(O)C=C2O1
532,CC(C1=CC=C(O)C(OC)=C1)=O
533,COC1=C(O)C=CC(C[C@H](CO[C@@H]2O[C@@H]([C@@H](O)[C@H](O)[C@H]2O)CO)[C@](CO[C@@H]3O[C@@H]([C@@H](O)[C@H](O)[C@H]3O)CO)([H])CC4=CC(OC)=C(O)C=C4)=C1
534,OC1=CC2=C(C=C1OC)CCN(C)[C@@H]2CC3=CC=C(O)C(OC4=CC=C(C[C@H]5N(C)CCC6=C5C=C(OC)C(OC)=C6)C=C4)=C3
535,CC1(C)[C@@H](O)CC[C@]([C@@]1([H])CC[C@@]([C@@]2(CC[C@]3(CC[C@](C(O)=O)(C[C@]3(C2=C4)[H])C)C)C)5C)(C)[C@@]5([H])C4=O
536,O=C1N(C(CCCC)=NC(C)=C1CC(N(C)C)=S)CC2=CC=C(C3=C(C4=NN=NN4)C=CC=C3)C=C2
537,[O-]C(/C(CC/C=C(C)\C)=C1[C@@H](OC(C)=O)C[C@]2(C)[C@@]3(C)CC[C@@]4([H])[C@H](C)[C@H](O)CC[C@]4(C)[C@]3([H])[C@H](O)C[C@@]\12[H])=O.[Na+]
538,O=C([C@H]1NC[C@@H](SC2=C(C(O)=O)N3[C@]([C@]([C@@H](C)O)([H])C3=O)([H])[C@H]2C)C1)NC4=CC=CC(C([O-])=O)=C4.[Na+]
539,[H][C@]12C(NC3=C4C=CC=C3)=C4CCN1C[C@@]5(CC[C@H](O)[C@H](C(OC)=O)[C@]5(C2)[H])[H].[H]Cl
540,O=C(C(C=C1C2=O)=CC(O)=C1C(C3=C2C=CC=C3O)=O)O
541,C1(CC2=CNC3=C2C=CC=C3)=CNC4=C1C=CC=C4
542,O=C(N1C)N(C)C2=C(N(CC(O)C)C=N2)C1=O
543,CC(C1CC=C(/C=N/O)CC1)=C
544,O=C1C=C(CO)OC2=CC(O[C@H](C(C)(O)C)C3)=C3C(OC)=C12
545,O=C(OCCN(CC)CC)C1=CC=C(OCCC)C(N)=C1.[H]Cl
546,O=C1CCC[C@]2([H])[C@@]3([H])CCCN4[C@@]3([H])[C@](CCC4)([H])CN21
547,O=C1C=C(C2=CC=C(O)C(O)=C2)OC3=CC(O)=CC(O)=C13
548,O=C1N=C(N)NC2=NC=C([C@@H](O)[C@@H](O)C)N=C12
549,O=C(C(N12)=C(C)CS[C@]2([H])[C@H](NC(/C(C3=CSC(N)=N3)=N\OC)=O)C1=O)OCOC(C(C)(C)C)=O.[H]Cl
550,O=C(C1=C2C=CC3=C1CCCC3(C)C)C(C4=C2OC[C@@H]4C)=O
551,C[C@]12[C@@](C(C=C3[C@]2(CC[C@]4(C)[C@@]3([H])C[C@](C(O)=O)(C)CC4)C)=O)([H])[C@@]5([C@@](C(C)([C@@H](O[C@]6([H])[C@@H]([C@H]([C@H](O)[C@@H](C(O)=O)O6)O)O[C@]7([H])O[C@@H]([C@@H](O)[C@H](O)[C@H]7O)C(O)=O)CC5)C)([H])CC1)C
552,CC1[C@@]([C@](O)([C@H](OC([C@@H]2C)=O)CC)C)([H])O[C@H](COCCOC)N[C@@]1([H])[C@](C[C@@](O)([C@@H]([C@@H](C)[C@]2([H])O[C@@](O[C@@H](C)[C@@H]3O)([H])C[C@@]3(C)OC)O[C@@](O[C@H](C)C[C@@H]4N(C)C)([H])[C@@H]4O)C)([H])C
553,O=C1[C@H](O)[C@@H](C2=CC=C(O[C@H](CO)[C@@H](C3=CC=C(O)C(OC)=C3)O4)C4=C2)OC5=CC(O)=CC(O)=C15
554,C[C@@](OC)(C[C@H](C([C@@H]1C)=O)C)[C@@H]([C@H]([C@@H]([C@H](C(O[C@H](CC)[C@@](C)(O)[C@@H]1O)=O)C)O[C@@](O[C@@H](C)[C@@H]2O)([H])C[C@@]2(C)OC)C)O[C@@](O[C@H](C)C[C@@H]3N(C)C)([H])[C@@H]3O
555,NC1=C2C(N([C@H]3[C@H](O)[C@H](O)[C@@H](COP(OP([O-])(OC[C@@H]4[C@@H](O)[C@@H](O)[C@H](N5C=C(C(N)=O)CC=C5)O4)=O)([O-])=O)O3)C=N2)=NC=N1.[Na+].[Na+]
556,C[C@]([C@@](C[C@H]1O)([H])[C@]2(CC[C@@H]3O)C)(C[C@H](O)[C@@]2([H])C3(C)C)[C@]4([C@@]1([H])[C@]([C@](C)(O)CC/C=C(C)/C)([H])CC4)C
557,CO[C@@H]1C(C(N(CC)C2)C3C4)([C@@](C[C@@]5([H])[C@@H]6OC)([H])[C@@]6(O)[C@@]3(C[C@@H]5OC)O)[C@@]4([H])[C@@]2(OC(C(C=CC=C7)=C7NC(C)=O)=O)CC1.Br
558,O[C@@H]([C@@H](O)[C@H](O)[C@@H](O)C=O)CO[C@H]([C@@H]([C@@H](O)[C@H]1O)O)O[C@@H]1CO[C@H]([C@@H]([C@@H](O)[C@H]2O)O)O[C@@H]2CO
559,O[C@H]([C@@H](O)[C@@H]1O)[C@@H](O[C@@H]1CO)OC2=CC(/C=C/C(C=CC(O[C@@H]([C@@H]([C@@H](O)[C@@H]3O)O)O[C@@H]3CO)=C4)=C4O)=CC(O)=C2
560,C[C@]12[C@@]3([H])[C@@](C4)(CC[C@]1([H])[C@@](C)(CCC2)C(O[C@@H]5O[C@@H]([C@@H](O)[C@H](O)[C@H]5O)CO)=O)C[C@@](C4=C)(O[C@@]6([H])[C@@H]([C@H]([C@H](O)[C@@H](CO)O6)O[C@]7([H])O[C@@H]([C@@H](O)[C@H](O)[C@H]7O)CO)O[C@]8([H])O[C@@H]([C@@H](O)[C@H](O)[C@H]8O)CO)CC3
561,C1=NC=CN1
562,O=C1C(O[C@H]2[C@@H]([C@H]([C@@H]([C@@H](CO[C@H]3[C@@H]([C@@H]([C@H]([C@H](C)O3)O)O)O)O2)O)O)O)=C(C4=CC=C(OCCO)C(OCCO)=C4)OC5=CC(OCCO)=CC(O)=C15
563,CC(C1(C[C@H](C2)C3)C[C@H]3C[C@H]2C1)N.Cl
564,O=C(O)CCCCC1SSCC1
565,O[C@@]([C@@H](C(CO)=C[C@@]1([H])[C@H](C2(C)C)[C@H]2C3)O)([C@H]4O)[C@]([C@@H]3C)(C=C4C)C1=O
566,FC(C1=NN=C2C=CC(C3=CC=C(OC(F)(F)F)C=C3)=CN21)(F)F
567,COC(C(C=C1NC(/C(C)=C/C=C/[C@H](OC)[C@@H](OC(N)=O)/C(C)=C/[C@H](C)[C@H]2O)=O)=O)=C(C[C@H](C[C@@H]2OC)C)C1=O
568,O[C@H]([C@@H](O)[C@@H]1O)[C@](O[C@@H]1CO)([H])O[C@H](OC=C2)[C@@]3([H])[C@]2([H])[C@H](O)C=C3CO
569,O=C[C@@H]([C@H]([C@H]([C@@H](CO)O)O)O)O
570,O=C1CNC[C@@]2([H])N1CCC3=C2C=CC=C3
571,O=C1[C@](O)(CC)C2=C(CO1)C(N3CC4=C(CC)C5=CC(O)=CC=C5N=C4C3=C2)=O
572,O=C(O)CCCC[C@H]1SSCC1
573,O=C1C[C@@H](C(C)C)C(C/C(C)=C/CC[C@@H]1C)=O
574,O[C@H]([C@H]([C@@H]([C@@H](CO)O1)O)O)[C@@H]1OC2=CC=C(O)C=C2
575,O=C1C(CC2CCC(C(C)(C)C)CC2)=C(O)C(C3=C1C=CC=C3)=O
576,O=C(N)NC(C(N1)=O)NC1=O
577,O=C(/C=C/C1=CC=C(C=C1)O)C2=CC=C(C(C/C=C(C)\C)=C2O)O
578,O=C(CC(CCC1=CC=C(O)C(OC)=C1)=O)CCC2=CC=C(O)C(OC)=C2
579,CC(CN(C)C)CN1C2=C(C=CC=C2)CCC3=C1C=CC=C3.O=C(O)/C=C\C(O)=O
580,O[C@H]1[C@H](O)[C@@H](CO)O[C@@H](O[C@H]2C[C@]([C@@](C[C@H](O)[C@]3([H])[C@@]4(CC[C@H](C(C)(C)O)O4)C)(C)[C@]3(C)CC5)([H])[C@@]65[C@]7(C6)[C@]2([H])C(C)(C)[C@@H](O[C@@H]8OC[C@@H](O)[C@H](O)[C@H]8O)CC7)[C@@H]1O
581,O[C@H]1[C@H](O)[C@@H](O)[C@]([H])(O[C@@H]2C(C)(C)[C@@]([C@@H](O[C@]3([H])O[C@H](CO)[C@@H](O)[C@H](O)[C@H]3O)C[C@]4([H])[C@@]56CC[C@@]7(C)[C@@]4(C)C[C@H](O)[C@]7([H])[C@]8(C)O[C@H](C(C)(O)C)CC8)([H])[C@]5(C6)CC2)OC1
582,COC(C=C1[C@H]2[C@@](CO[C@@H]3C4=CC(OC)=C(O[C@@H]([C@@H]([C@@H](O)[C@@H]5O)O)O[C@@H]5CO)C(OC)=C4)([H])[C@]3([H])CO2)=C(C(OC)=C1)O[C@@H]([C@@H]([C@@H](O)[C@@H]6O)O)O[C@@H]6CO
583,C[C@@]([C@@]12C)(C[C@H](O[C@@](O[C@H](CO)[C@@H](O)[C@@H]3O)([H])[C@@H]3O[C@@](O[C@@H](C)[C@H](O)[C@H]4O)([H])[C@@H]4O)[C@@]5([H])C6(C)C)[C@@](C[C@@H](O)[C@]1([H])[C@]([C@]7(O[C@@H](C(C)(O)C)CC7)C)([H])CC2)([H])[C@]5(CC[C@@H]6O)C
584,O=C1C2=C(O)C=C3C(C=CC(C)(C)O3)=C2OC(C4=CC=C(O)C=C4O)=C1C/C=C(C)\C
585,CC(NCCCCCN)=O
586,CO[C@@H]1[C@@H](O[C@]2([H])O[C@@H](C)[C@H](O)[C@@H](OC)C2)[C@H](C)O[C@@]([H])(O[C@H](/C(C)=C/C[C@]3([H])C[C@]([H])(OC4=O)C[C@]5(C=C[C@H](C)[C@@H](C6CCCCC6)O5)O3)[C@@H](C)/C=C/C=C7CO[C@@]8([H])[C@]\7(O)[C@@]4([H])C=C(C)[C@H]8O)C1
587,OC1=CC=C(/C=C/C(CC(/C=C/C2=CC=C(O)C=C2)=O)=O)C=C1
588,C[C@@]12[C@](C[C@H](C)[C@]2(OC(CC)=O)C(COC(CC)=O)=O)([H])[C@]3([H])CCC4=CC(C=C[C@]4(C)[C@@]3(F)[C@@H](O)C1)=O
589,O=C1OC[C@]2([H])[C@@H](O)C3=C(C=C4OCOC4=C3)[C@@H](C5=CC(OC)=C(OC)C(OC)=C5)[C@]21[H]
590,O=C(NC1=C2C=CC=C1)[C@@]32[C@@](C[C@H](/C(C(OC)=O)=C\OC)[C@H](CC)C4)([H])N4CC3
591,C[C@@]([C@@]12C)(CC[C@@]3([H])C4(C)C)[C@@](C[C@@H](O)[C@]1([H])[C@]([C@@](CC/C=C(C)/C)(C)O[C@@H]([C@@H]([C@@H](O)[C@@H]5O)O)O[C@@H]5CO)([H])CC2)([H])[C@]3(CC[C@@H]4O)C
592,O[C@H]1[C@H](O)[C@@H](CO)O[C@@H](OC(C)([C@H]2OC3=C(C(OC)=C(C(C=C(C)O4)=O)C4=C3)C2)C)[C@@H]1O
593,O=C1O[C@H](CC)[C@@](C)(O)[C@H](O)[C@@H](C)NC[C@H](C)C[C@@](C)(O)[C@H](O[C@@]2([H])[C@H](O)[C@@H](N(C)C)C[C@@H](C)O2)[C@@H](C)[C@H](O[C@@]3([H])C[C@@](C)(OC)[C@@](CNCCC)(O)[C@H](C)O3)[C@H]1C
594,OC1=C(I)C=C(OC2=C(I)C=C(C[C@H](N)C(O)=O)C=C2I)C=C1
595,O=C(NC1=C2C=CC=C1)[C@@]32[C@@](C[C@H](/C(C(OC)=O)=C\OC)[C@@H](CC)C4)([H])N4CC3
596,O[C@H]1[C@H](O)C(C)(C)[C@@](CC[C@]2(C)[C@]3([H])CC=C4[C@@]2(C)CC[C@]5(C(O)=O)[C@@]4([H])[C@@H](C)[C@H](C)CC5)([H])[C@]3(C)C1
597,C[C@]([C@@](C[C@H]1O)([H])[C@]2(CC[C@@H]3O)C)(C[C@H](O[C@@](O[C@H](CO)[C@@H](O)[C@@H]4O)([H])[C@@H]4O[C@@](OC[C@@H](O)[C@@H]5O)([H])[C@@H]5O)[C@@]2([H])C3(C)C)[C@]6([C@@]1([H])[C@]([C@@](CC/C=C(C)/C)(C)O[C@@H]([C@@H]([C@@H](O)[C@@H]7O)O)O[C@@H]7CO)([H])CC6)C
598,O=C(OCC)CC1=CC(O)=CC(O)=C1C(CCCCCCC)=O
599,OC[C@@H](O)[C@@H](O)[C@H](O)[C@H](NC(C)=O)[C@@H](O)CC(C(O)=O)=O
600,O=C1[C@](C=C2)(O)[C@@](CC3)(C)[C@@]([C@@](C[C@@H](C4=COC=C4)O5)(C)[C@]3([H])C5=O)([H])[C@]2([H])O1
601,OC1=C(C2=CC=C(O)C(O)=C2)OC3=CC(O)=CC(O)=C3C1=O
602,O=C([C@H]1NC([C@@H](NC([C@@H](NC([C@](NC([C@H](CC2=CC=C(O)C=C2)NC([C@@H](N)CSSC1)=O)=O)([H])CC3=CC=CC=C3)=O)CCC(N)=O)=O)CC(N)=O)=O)N4[C@@H](CCC4)C(N[C@@H](CCCCN)C(NCC(N)=O)=O)=O
603,O=C1[C@H](O)[C@@H](C2=CC(O)=C(O)C(O)=C2)OC3=CC(O)=CC(O)=C13
604,O=C(O)[C@H]1N(C(C)=O)C[C@H](O)C1
605,O=C(O)C1=C(CCCCCCC/C=C\CCCCCC)C=CC=C1O
606,C[C@]([C@@H](C(C=C1)=COC1=O)[C@H]2OC(C)=O)(CC[C@@]3([H])[C@@]4([H])CC[C@@]5([H])[C@@]3(CC[C@H](O)C5)C)[C@@]64[C@@H]2O6
607,O=C([C@@]1([C@H]2O1)C(C)C)[C@]34O[C@H]3C[C@@]([H])(C5=C(CC6)C(OC5)=O)[C@@]6(C)[C@]47[C@H]2O7
608,C[C@@]1(CC[C@@H]2O)[C@](C[C@H]3O)([H])[C@](C[C@@H](O)[C@@]1([H])C2(C)C)(C)[C@@]4(C)[C@@]3([H])[C@]([C@](CCC5)(C)OC5(C)C)([H])CC4
609,CN1C2=CC=CC=C2[C@@]34[C@]1([H])[C@@](C[C@H]5[C@H](CC)[C@H]6O)([H])[N@]6[C@]([H])([C@H]5[C@H]4O)C3
610,O[C@H](C1)[C@@]([C@@](C)(O)C(/C=C/C(OC(C)=O)(C)C)=O)([H])[C@](C2)(C)[C@]1(C)[C@]3([H])CC=C4C(C)(C)C(C(O)=C[C@@]4([H])[C@]3(C)C2=O)=O
611,C[C@@H](CC)[C@]1([H])[C@@H](C)C=C[C@@]2(O[C@@]3([H])C[C@]([H])(OC([C@@]4([H])[C@@](/C(CO5)=C/C=C/[C@H](C)[C@H](O[C@@]6([H])C[C@H](OC)[C@@H](O[C@]7([H])O[C@@H](C)[C@H](O)[C@@H](OC)C7)[C@H](C)O6)/C(C)=C/C3)(O)[C@@]5([H])[C@H](O)C(C)=C4)=O)C2)O1.C[C@H]8C=C[C@@]9(O[C@@]%10([H])C[C@]([H])(OC([C@@]%11([H])[C@@](/C(CO%12)=C/C=C/[C@H](C)[C@H](O[C@@]%13([H])C[C@H](OC)[C@@H](O[C@]%14([H])O[C@@H](C)[C@H](O)[C@@H](OC)C%14)[C@H](C)O%13)/C(C)=C/C%10)(O)[C@@]%12([H])[C@H](O)C(C)=C%11)=O)C9)O[C@@H]8C(C)C
612,O=C(O)[C@H](OC(/C=C/C1=CC=C(O)C(O)=C1)=O)[C@@H](OC(/C=C/C2=CC=C(O)C(O)=C2)=O)C(O)=O
613,C=C(C)[C@@H]1CC[C@]2(C=O)CC[C@@]3(C)[C@]4(C)CC[C@@]5([H])C(C)(C)[C@@H](O)CC[C@]5(C)[C@@]4([H])CC[C@]3([H])[C@]21[H]
614,C[C@]([C@@](C[C@H]1O)([H])[C@]2(CC[C@@H]3O)C)(CC[C@@]2([H])C3(C)C)[C@]4([C@@]1([H])[C@]([C@@](C)(O)CC/C=C(C)/C)([H])CC4)C
615,O=C1C(C2=CC=CC=C2)=COC3=CC(OC(C)C)=CC=C13
616,O[C@H]1[C@H](O)[C@@H](CO)O[C@@H](OC([C@@]2(C)[C@](CC[C@]3(CC4=C)[C@@]5([H])CC[C@]4(O[C@]6([H])O[C@H](CO)[C@@H](O)[C@H](O[C@]7([H])O[C@H](CO)[C@@H](O)[C@H](O)[C@H]7O)[C@H]6O[C@@]8([H])[C@H](O)[C@H](O)[C@@H](O)[C@H](C)O8)C3)([H])[C@@]5(C)CCC2)=O)[C@@H]1O
617,CCCCCCCC/N=C1C=CN(CCCCCCCCCCN(C=C/2)C=CC2=N/CCCCCCCC)C=C/1.Cl.Cl
618,FC(F)(F)OC(C=C1)=CC=C1CO[C@@H]2COC3=NC([N+]([O-])=O)=CN3C2
619,O[C@H](C1)[C@@]([C@@](C)(O)C(/C=C/C(OC(C)=O)(C)C)=O)([H])[C@](C2)(C)[C@]1(C)[C@]3([H])CC=C4C(C)(C)C([C@@H](O)C[C@@]4([H])[C@]3(C)C2=O)=O
620,CC1=C([C@@H](O)C([C@@]2(C)[C@@]3([H])[C@@](CO4)(OC(C)=O)[C@@]4([H])C[C@@H]2O)=O)C(C)(C)[C@@]([C@H]3OC(C5=CC=CC=C5)=O)(O)C[C@@H]1O
621,O[C@@H]([C@](C(N[C@H](C(N(CC(N([C@H](C(N[C@@](C(N([C@H]1CC(C)C)C)=O)([H])C(C)C)=O)CC(C)C)C)=O)C)=O)CC)=O)([H])N(C([C@](N(C([C@@H](N(C([C@H](N(C([C@H](NC([C@@H](NC1=O)C)=O)C)=O)C)CC(C)C)=O)C)CC(C)C)=O)C)([H])C(C)C)=O)C)[C@H](C)C/C=C/C
622,O=C(O)CCNC(C1=CC=CC=C1)=O
623,C[C@@]1(C2=O)C[C@]([H])(O2)[C@]3(C)CC[C@@]4(C)[C@]5(C)CC[C@@]6([H])C(C)(C)[C@@H](O)CC[C@]6(C)[C@@]5([H])CC=C4[C@]3([H])C1
624,C[C@H](CCC(O)=O)[C@@]1([H])CC[C@@]2([H])[C@]3([H])[C@H](O)C[C@]4([H])C[C@H](O)CC[C@]4(C)[C@@]3([H])C[C@H](O)[C@@]21C
625,O=C1C2=C(C=CC=C2O)[C@H]([C@]3([H])O[C@H](CO)[C@@H](O)[C@H](O)[C@H]3O)C4=CC(CO)=CC(O)=C14
626,ClC1=CC=C(C(OC2=C([N+]([O-])=O)C=CC(S(C3=CC=CC=C3)(=O)=O)=C2)=O)C=C1
627,O=C(O)[C@@H](N)CC[Se]C
628,C[C@@H]([C@@H]([C@@](C)(C[C@H]1OC(CSC(C)(C)CNC([C@H](N)C(C)C)=O)=O)C=C)O)C(CCC2=O)(CC[C@H]3C)[C@]2([H])C31C.Cl
629,O=C(OC(OC(C1=CC=CC=C12)=C(C(NC3=NC=CC=C3)=O)N(C)S2(=O)=O)C)OCC
630,O=C[C@@H]([C@H]([C@@H]([C@@H](CO)O)O)O)O
631,CC(/C=C/C(C(C)=CC(OC)=C1C)=C1C)=C\C=C\C(C)=C\C(O)=O
632,CC1(C)C(/C=C/C(C)=C/C=C/C(C)=C\C(O)=O)=C(C)CCC1
633,OC1=C(OC)C=CC([C@@H]2CC(C3=C(C=C(O[C@@H]4O[C@H](CO[C@@H]5O[C@@H](C)[C@H](O)[C@@H](O)[C@H]5O)[C@@H](O)[C@H](O)[C@H]4O)C=C3O)O2)=O)=C1
634,O=C1C=C[C@@]2(C)C(CC[C@]3([H])[C@]2(F)[C@@H](O)C[C@@]4(C)[C@@]3([H])C[C@@H](C)[C@@]4(C(CO)=O)O)=C1
635,[O-]C(C(CCC)CCC)=O.[Na+]
636,C[C@H]1[C@H](O)[C@](C)(OC)C[C@]([H])(O[C@@H]([C@H](C)[C@@H](O[C@@]2([H])[C@H](O)[C@@H](N(C)C)C[C@@H](C)O2)[C@](C)(O)C[C@@H](C)CN[C@H](C)[C@@H](O)[C@@](O)(C)[C@@H](CC)O3)[C@@H](C)C3=O)O1
637,ClC1=C(C=CC(Cl)=C1)[C@@]2(O[C@@H](COC3=CC=C(N4CCN(C5=CC=C(N(C=NN6C(C)CC)C6=O)C=C5)CC4)C=C3)CO2)CN7C=NC=N7
638,OC1=CC2=C([C@]3(CC[C@@]4([C@H](CC[C@]4([C@@]3(CC2)[H])[H])O)C)[H])C=C1OC
639,ClC1=CC=C(NC(O[C@]2(C#CC3CC3)C(F)(F)F)=O)C2=C1
640,CC(SC1=CC(C(C)(C)C)=C(O)C(C(C)(C)C)=C1)(SC2=CC(C(C)(C)C)=C(O)C(C(C)(C)C)=C2)C
641,OC[C@@H]1[C@H]([C@H]([C@H](N2C(NC(C=C2)=O)=O)O1)O)O
642,OC(CCCCCCCC(O)=O)=O
643,O[C@]([C@@](CC[C@@]1([H])[C@@]2(CC[C@H](O[C@@](O[C@H](C)[C@H]3O[C@@](O[C@H](C)[C@H]4O[C@@](O[C@H](C)[C@H]5O[C@]([C@@H]([C@@H](O)[C@@H]6O)O)([H])O[C@@H]6CO)([H])C[C@@H]5OC(C)=O)([H])C[C@@H]4O)([H])C[C@@H]3O)C1)C)([H])[C@]2([H])C[C@H]7O)(CC[C@@H]8C(CO9)=CC9=O)[C@]78C
644,COC1=C(OC2=CC([C@]3([H])CC(C=C4)=CC=C4O5)=C(CCN3C)C=C2OC)C([C@@]6([H])CC7=CC=C(O)C5=C7)=C(CCN6C)C=C1OC.Cl.Cl
645,O=C(OC(C)C)/C(C(OC(C)C)=O)=C1SC=CS\1
646,OC1=CC=C(CC=C)C=C1C2=CC(CC=C)=CC=C2O
647,O=S(C1=CC=C(N)C=C1)(NC2=NN=C(C)S2)=O
648,CC[C@H](C)C(O[C@H]1CCC=C2C=C[C@H](C)[C@H](CC[C@@H]3C[C@@H](O)CC(O3)=O)[C@@]12[H])=O
649,C[C@]([C@]1([H])CC2)(CCC[C@@]1(C)C(O)=O)[C@@]3([H])[C@@]2(CC4=O)C[C@]4(C)CC3
650,O=C1C(O)=C(C2=CC=C(O)C(O)=C2)OC3=CC(O)=CC=C13
651,C[C@@H]([C@@H]([C@H](C(O[C@@H]1CC)=O)C)O[C@@](O[C@@H](C)[C@@H]2O)([H])C[C@@]2(C)OC)[C@H]([C@](O)(C[C@H](C([C@@H]([C@@H](O)[C@@]1(O)C)C)=O)C)C)O[C@@](O[C@H](C)C[C@@H]3N(C)C)([H])[C@@H]3O
652,O=C(C(C1=CC=C(O)C=C1)=COC2=CC(O[C@@H]([C@@H]([C@@H](O)[C@@H]3O)O)O[C@@H]3CO)=C4)C2=C4O
653,C12=NC=NC(NCC3=CC=CC=C3)=C1NC=N2
654,O=C1C[C@@H](C2=CC=C(O)C=C2)OC3=CC(O)=CC(O)=C13
655,O=C1C=C(C2=CC=CC=C2)OC3=C(OC)C(O)=CC(O)=C13
656,O=C(O)CNC(C1=CC=C(N)C=C1)=O
657,OC1=C2C(OC(C3=CC=CC=C3)=CC2=O)=CC(O)=C1
658,CC1=CC(OC(C)=O)=C2C=CC=CC2=C1OC(C)=O
659,O=S(C1=CC=CC=C1N)(N)=O
660,O=S(C1=CC=C(N)C=C1)(NC2=NC(C)=NC(C)=C2)=O
661,OC/C(C)=C/CNC1=C2N=CNC2=NC=N1
662,C[C@@]1(O2)O/C=C/[C@@H]([C@H]([C@H]([C@H](C)[C@H](O)[C@H](C)[C@H]([C@H](/C=C/C=C(C(NC(C3=O)=C4NC5(CCN(CC(C)C)CC5)N=C4C6=C3C(O)=C(C)C2=C6C1=O)=O)\C)C)O)OC(C)=O)C)OC
663,O=C(C1=C[N+]([O-])=CC=C1)N
664,O=C(C(C=CC=1)=CN1=O)O
665,OC1=CC2=C(NC=C2CCN)C=C1.[H]Cl
666,N[C@@H](CCCNC(N)=N)C(O)=O.[H]Cl
667,C[C@H](CCC(O)=O)[C@H]([C@]12C)CC[C@@]1([H])[C@]3([H])C(C[C@]4([H])CC(CC[C@]4(C)[C@@]3([H])CC2=O)=O)=O
668,NC(C[C@H]1[C@@]2([H])[C@]3(C)[N]4=C([C@@H](CCC(N)=O)[C@]3(C)CC(N)=O)C(C)=C([C@](CC(N)=O)(C)[C@@H]5CCC(N)=O)[N]6=C5C=C(C(C)(C)[C@@H]7CCC(N)=O)[N]8=C7C(C)=C([C@@]1(CCC(NC[C@@H](C)O9)=O)C)[N-]2[Co+3]486([CH3-])[N](C%10=CC(C)=C(C)C=C%11%10)=CN%11[C@@H](O[C@@H]%12CO)[C@@](O)([H])[C@@H]%12OP9([O-])=O)=O
669,O[C@H](C1)[C@@H]([C@H](C1=O)CCCCCCC(OC)=O)/C=C/CC(C)(O)CCCC
670,CC(C)(O/N=C(C1=CSC(N)=N1)\C(N[C@H]2[C@H](C)N(S(=O)(O)=O)C2=O)=O)C(O)=O
671,S=C(C1=CC(CC)=NC=C1)N
672,O=C(C1=CC=C2C=C(OC)C=CC2=C1)O
673,O=C1OC(C(C=C1)=C2)=C(O)C3=C2C=CO3
674,O=C1C2=CC(O)=CC=C2C3=CC=C(O)C=C3O1
675,OCC1=CC=CC=C1O
676,NCCCS(=O)(O)=O
677,O=C(C1=CN(CC2=C(F)C=CC=C2F)N=N1)N
678,OC(CC1=CNC2=C1C=CC=C2)=O
679,O=C(C(C1=O)=C(O)[C@@H](N(C)C)[C@]2([H])[C@@H](O)[C@]3([H])[C@](C)(O)C4=C(C(C3=C(O)[C@@]21O)=O)C(O)=CC=C4)N
680,O=C1C=C(C2=CC=C(OC)C(OC)=C2)OC3=C(OC)C(OC)=C(OC)C(OC)=C13
681,O=C1C2=C(C=CC=C2O)CC3=CC=CC(O)=C13
682,O=C(OCC)C1=CC=C(O)C=C1
683,OC1=CC(O)=C(C(C(O)=C(C2=CC(O)=C(O)C(O)=C2)O3)=O)C3=C1
684,O[C@H]1[C@H]([C@H]([C@@H]([C@H]([C@@H]1O)O)O)O)O
685,OCC1=CC=CC=C1
686,OC(CC(CC(O)=O)(C(O)=O)O)=O
687,O=C(C1=C2C=CC3=C1C=CC=C3C)C(C4=C2OC[C@@H]4C)=O
688,O=C(O[C@H](OCC(O)[C@H]1O)[C@@H]1OC(OC(C)C(OC(CC(O)(CC(O[C@@H]2[C@H]3O)=O)C)=O)C4OC(OCC(O)C5O)C5O)C4O)C6(CCC(C)(C)C7)C7C8=CCC9C(C)(CCC%10C9(CC(O)C(OC(OC(CO)C(O)C%11O)C%11O[C@H](OC2)[C@@H]3O)C%10(C)CO)C)C8(C)CC6
689,O=C(N1)NC=C(F)C1=O
690,CC1CCCC(C)N1
691,O=C(O)C1=CC=C(O)C(O)=C1
692,O[C@@H]1[C@@H](CO)NC[C@H](O)[C@H]1O
693,O=C1C2=C(O[C@@]1(O/C=C/[C@@H]([C@H]([C@H]([C@@H]([C@@H]([C@@H]([C@@H](O)[C@@H](C)/C=C/C=C(C)\C3=O)C)O)C)OC(C)=O)C)OC)C)C(C)=C(O)C4=C2C5=C(C(N3)=C4O)N6C(C=C(C)C=C6)=N5
694,O=C(N[C@H]1CC2=CNC3=C2C=CC=C3)[C@@](CCC4)([H])N4C1=O
695,O[C@@H]1[C@@H](OC(C)=O)[C@@H](CC2=CC=C(OC)C=C2)NC1
696,N[C@H](CCC(N)=O)C(O)=O
697,CC(CC1=CC=C(O)C(O)=C1)C(C)CC2=CC=C(O)C(O)=C2
698,O=C1C=C(C2=CC=CC=C2)OC3=CC(O)=C(OC)C(O)=C13
699,OC1=CC=C(CC=C)C=C1OC
700,O=C1N2C(C(NC3=C4C=CC=C3)=C4CC2)=NC5=C1C=CC=C5
701,O=C(O)CNC(C(S)C)=O
702,OC[C@@H]1[C@H](C[C@H](N2C=NC3=C2N=C(N)NC3=O)O1)O
703,COC1=C2C(OC=C2)=NC3=CC=CC=C13
704,C[C@@]1(C2(C)C)CC[C@H]2C[C@H]1O
705,O=C(NCCCO)C(O)C(C)(C)CO
706,O[C@@H]1[C@@H](O)[C@H](O)[C@]([C@@H](O)CC2)([H])N2C1
707,O=C(O)CCCCCNC(C)=O
708,CN(C1=CC=C(C=C1)C([C@@H](/C=C(/C=C/C(NO)=O)C)C)=O)C
709,O=C1C(C)=C(C[C@@]23[H])[C@@](C[C@@]3(C)CCCC2=C)([H])O1
710,OC1=CC=C(/C=C/C2=CC(O)=CC(O)=C2)C=C1O
711,OC(C1=CC=C(O)C=C1)CN.Cl
712,O=C1C(O)=C(C2=CC=CC(OC)=C2)OC3=CC=CC=C13
713,O=C(OCCC1=CC=CC=C1)/C=C/C2=CC=C(O)C(O)=C2
714,C1(C)=NC(C)=C(C)N=C1C.C
715,C[N+]1(C)[C@H](C([O-])=O)CCC1
716,O=C1NC(N)=NC2=C1C(CCC3=CC=C(C(N[C@H](C(O)=O)CCC(O)=O)=O)C=C3)=CN2
717,C[C@@]1([C@]([C@@H]2C)([H])[C@](O[C@]2(OC)CC[C@@H](C)CO[C@@H]([C@@H]([C@@H](O)[C@@H]3O)O)O[C@@H]3CO)([H])C4)[C@]4([H])[C@@](CC=C5[C@@]6(CC[C@H](O[C@@](O[C@H](CO)[C@@H](O[C@@](O[C@@H](C)[C@H](O)[C@H]7O)([H])[C@@H]7O)[C@@H]8O)([H])[C@@H]8O[C@@](O[C@@H](C)[C@H](O)[C@H]9O)([H])[C@@H]9O)C5)C)([H])[C@]6([H])CC1
718,C=CCCCCCCCCC(O)=O
719,C12=NC=NC(NCC3=CC=CO3)=C1N=CN2
720,O=C1C=C(C2=CC=CC=C2O)OC3=CC=C(O)C=C13
721,CNC1=C(N=CN2[C@H]3[C@H](O)[C@H](O)[C@@H](CO)O3)C2=NC=N1
722,O=C(N)CCCCC1SSCC1
723,O=C(O)/C=C/C1=CC=C(O)C=C1
724,OC1CC(N2C1)C(NC(C(O)C(O)C3=CC=C(O)C=C3)C(NC(C(C)O)C(N4C(C(O)C(C)C4)C(NC(O)C(O)CC(NC(C5=CC=C(C6=CC=C(C7=CC=C(OCCCCC)C=C7)C=C6)C=C5)=O)C(NC(C(O)C)C2=O)=O)=O)=O)=O)=O
725,OC(=O)c1ccc(o1)C(=O)O
726,OC1=CC=C(/C=C/C2=CC(O)=CC(O)=C2)C=C1
727,O=C(C1=CC=C(O)C=C1O)/C=C/C2=CC=C(O)C=C2
728,O=C(C(C1=CC=C(O)C=C1)=CO2)C3=C2C=C(O)C(OC)=C3
729,O=C(O)CN1C=NC(N(C)C(N2C)=O)=C1C2=O
730,O=C1C=CC2=CC=CC=C2O1
731,OCC([N+]([O-])=O)(Br)CO
732,CC(NC1=NC=C([N+]([O-])=O)S1)=O
733,CCCCC1=C(C=C(O)C=C1)O
734,CC1=CC=C(SC2=CC=CC=C2N3CCNCC3)C(C)=C1
735,N[C@@H](COC(C)=O)C(O)=O
736,O=C(O)CCCNC(C)=O
737,OC1=C2N=CC=CC2=C([N+]([O-])=O)C=C1
738,O=C1OC2=CC(OC)=CC=C2N1
739,O=C1C(C)=CC(C2=C1C=CC=C2)=O
740,O=C(C)[C@H]1CC[C@@]2([H])[C@]3([H])CC[C@@]4([H])C[C@H](O)CC[C@]4(C)[C@@]3([H])CC[C@@]21C
741,O=C1OC([C@]2(C)[C@@](O3)([H])CC[C@@]3([H])[C@@]21C)=O
742,O=C(NC1=NC=C([N+]([O-])=O)S1)C2=CC=CC=C2O
743,O=C1NC(N)=NC2=C1N=CN2COCCO
744,O=C1NC(CN1/N=C/C2=CC=C([N+]([O-])=O)O2)=O
745,OC1=CC=C(OC2CCCCO2)C=C1
746,CC[C@@]1(C=CCN2CC3)[C@@]2([H])[C@@]3(C(C=C([C@@](C4=C5C(C=CC=C6)=C6N4)(CC(C=C(CC)C7)([H])CN7C5)C(OC)=O)C(OC)=C8)=C8N9C)[C@]9([H])[C@](C(OC)=O)(O)[C@@H]1OC(C)=O.O=C(O)[C@H](O)[C@@H](O)C(O)=O.O=C(O)[C@H](O)[C@@H](O)C(O)=O
747,CN1C[C@H](C(N[C@@]2(C)C(N([C@@H](CC(C)C)C(N3[C@@]4([H])CCC3)=O)[C@@]4(O)O2)=O)=O)CC([C@@]1([H])C5)C6=CC=CC7=C6C5=CN7.CN8C[C@H](C(N[C@@]9(C)C(N([C@@H](C(C)C)C(N%10[C@@]%11([H])CCC%10)=O)[C@@]%11(O)O9)=O)=O)CC([C@@]8([H])C%12)C%13=CC=CC%14=C%13C%12=CN%14.CN%15C[C@H](C(N[C@@]%16(C)C(N([C@@H]([C@H](CC)C)C(N%17[C@@]%18([H])CCC%17)=O)[C@@]%18(O)O%16)=O)=O)CC([C@@]%15([H])C%19)C%20=CC=CC%21=C%20C%19=CN%21.CN%22C[C@H](C(N[C@@]%23(C)C(N([C@@H](CC%24=CC=CC=C%24)C(N%25[C@@]%26([H])CCC%25)=O)[C@@]%26(O)O%23)=O)=O)CC([C@@]%22([H])C%27)C%28=CC=CC%29=C%28C%27=CN%29.CS(O)(=O)=O
748,O=C1C=C(C2=CC=CC=C2)OC3=CC=C(C)C=C13
749,NC1=C2C(N([C@H]3[C@H](O)[C@H](O)[C@@H](CO)O3)C=N2)=NC=N1
750,O=S(C1=CC=C(N)C=C1)(NC2=NC=NC(OC)=C2)=O
751,O=C(OCC)C1=CC(O)=C(O)C(O)=C1
752,O=C1C2=C(NC(N)=N1)NCC(C(O)C(O)C)N2
753,OS(O)(=O)=O.O=C(C(C1=CC=CC=C1)CO)O[C@H]2C[C@@H](CC3)N(C)[C@@H]3C2.[0.5]
754,OC1=CC=CC(O)=C1
755,O[C@@H]([C@@H](O[C@H]1O)C)[C@H]([C@H]1O)O.O
756,O=C(N[C@H](CF)[C@H](O)C1=CC=C(S(=O)(C)=O)C=C1)C(Cl)Cl
757,O=C1C[C@@H](C2=CC=C(O)C=C2)OC3=CC(O[C@H]4[C@@H]([C@H]([C@@H]([C@@H](CO)O4)O)O)O[C@@]5([H])[C@@H]([C@@H]([C@H]([C@H](C)O5)O)O)O)=CC(O)=C13
758,O[C@@H]([C@H](O)[C@@H](CO)O1)[C@@H](O)[C@@H]1C2=C(O)C3=C(C=C2O)OC4=CC(O)=C(O)C=C4C3=O
759,CC1NCCC2=C1C=C(OC)C(OC)=C2
760,COC1=CC=C(/C=C/C)C=C1
761,O=C1C=C(C2=CC=C(O)C=C2)OC3=CC(O)=C(OC)C(O)=C13
762,O=C(CC(/C=C/C1=CC=C(O)C(OC)=C1)=O)/C=C/C2=CC=C(O)C(OC)=C2
763,OC[C@@H]1[C@H]([C@H]([C@H](N2C(NC(C(C)=C2)=O)=O)O1)O)O
764,O=C(NS(=O)(C1=CC=C(N)C=C1)=O)C2=CC=CC=C2
765,CCC(C1=CC=C(O)C=C1)=O
766,N=C(N/N=C/C1=CC=C(Cl)C=C1)N/N=C/C2=CC=C(Cl)C=C2.[H]Cl
767,O=CC1=CC=C(OC)C(O)=C1
768,[H][C@]12C(C)(C)[C@@H](O)CC[C@]1(C)[C@]3([H])[C@@]([C@@](CC[C@]4([H])[C@@](CC/C=C(C)/C)(C)O[C@@H]5O[C@H](CO)[C@@H](O)[C@H](O)[C@H]5O)(C)[C@]4([H])[C@H](O)C3)(C)C[C@@H]2O[C@]6([H])O[C@H](CO)[C@@H](O)[C@H](O)[C@H]6O
769,O=C(O[C@@]1([H])[C@@]2([H])CC/C(C)=C/CC/C(C)=C/1)C2=C
770,O=C1C2=C(OC3=C1C(C/C=C(C)\C)=C(OC)C(O)=C3)C=C(O)C(C/C=C(C)\C)=C2O
771,NC1=NC=CS1
772,O=C(/C=C(O)/C=C/C1=CC=C(OC)C(OC)=C1)/C=C/C2=CC=C(OC)C(OC)=C2
773,O[C@H]1[C@H](O)[C@@H](O)[C@@H](O[C@H]2[C@H](O)[C@@H](O)[C@@H](O)O[C@@H]2CO)O[C@@H]1CO.O
774,O=C(NCCSSCCNC(CCNC([C@H](O)C(C)(C)CO)=O)=O)CCNC([C@H](O)C(C)(C)CO)=O
775,C1=CC=CC(=C1CC(O)=O)O
776,CC(C1=CC=C(C)C=C1O)=O
777,OC(C1=CC=C(O)C=C1)CNC.Cl
778,O=C([C@@]1(OC(/C=C/C2=CC=C(O)C(O)=C2)=O)C[C@@H](OC(/C=C/C3=CC=C(O)C(O)=C3)=O)[C@H](O)[C@H](O)C1)O
779,O=C(OCCCC)C1=CC=C(O)C=C1
780,O[C@H]1[C@H](O)[C@@H](CO)O[C@@H](OC2=C(C/C=C(C)/C)C(OC(C3=CC=C(OC)C=C3)=C(O[C@@H]4O[C@@H](C)[C@H](O)[C@@H](O)[C@H]4O)C5=O)=C5C(O)=C2)[C@@H]1O
781,OC1=C(CC=C)C=C(C2=CC(CC=C)=CC=C2O)C=C1
782,OC1=C(O)C=CC(C[C@@H](O)C(O)=O)=C1
783,C[C@]([C@@H](C(C=C1)=COC1=O)C2)(CC[C@@]3([H])[C@@]4([H])CC[C@@]5([H])[C@@]3(CC[C@H](O)C5)C)[C@@]64[C@@H]2O6
784,O=C(C1=CO[C@@H](O)[C@@]2([H])[C@]1([H])CC=C2CO)OC
785,COc1ccc(cc1)CC(=O)O
786,OC(C1=CC=CN1)=O
787,O=C(O)C1=C(O)C=C(OC)C=C1
788,O=C(O)C(C)CC(O)=O
789,O=C1OCC([C@H]2CC[C@]3(O)[C@]4([H])CC[C@]5([H])C[C@@H](O)CC[C@]5(C)[C@@]4([H])C[C@@H](O)[C@]23C)=C1
790,O=C1NC2=C(C=CC=C2)/C1=C3NC4=C(C=CC=C4)C\3=O
791,C[C@]([C@@](C[C@H]1O)([H])[C@]2(CC[C@@H]3O[C@]([C@@H]([C@@H](O)[C@@H]4O)O)([H])O[C@@H]4CO)C)(CC[C@@]2([H])C3(C)C)[C@]5([C@@]1([H])[C@]([C@@](C)(O)CC/C=C(C)/C)([H])CC5)C
792,C[C@H]1CC2=CC(OC)=C(OC)C(OC)=C2C3=C(OC)C(OC)=C(OC)C=C3C[C@H]1C
793,O=C(O)C1=CC(S(=O)(N)=O)=C(Cl)C=C1NCC2=CC=CO2
794,O=C(O[C@H]1[C@H](C)[C@]2([H])CC[C@@H](C)[C@]3([H])CC[C@@](O4)(C)OO[C@]32[C@]4([H])O1)CCC(O)=O
795,O[C@@H]1C[C@]2([H])[C@@](/C=C/CCC[C@H](C)OC(/C=C/[C@H]2O)=O)([H])C1
796,OC1=CC=C(O)C=C1C(C)(C)C
797,C/C([C@H]([C@H](/C1=N/OC)C)O[C@]2(C1)C[C@](OC([C@@](C=C(C)[C@@H](O)[C@@]3([H])OC/C4=C\C=C\[C@H](C)C5)([H])[C@@]34O)=O)([H])C[C@](C/C=C5\C)([H])O2)=C\C(C)C
798,O[C@@H]1[C@@H](CO)O[C@@H](O[C@H]2[C@@]3([H])[C@@](CC=C3CO)([H])C(C(OC)=O)=CO2)[C@H](O)[C@H]1O
799,OC1=CC=C([C@H]2OC[C@@]3([H])[C@]2([H])CO[C@H]3C4=CC=C(OC)C(OC)=C4)C=C1OC
800,O=C1C=CC2=CC(C)=CC=C2O1
801,C[C@H]1C[C@@](C(/C(C)=C\[C@@H](C2(C)C)[C@@H]2C[C@@H](O)C([C@@H]3O)=C)=O)(O)[C@]3([H])[C@H]1O
802,C[C@@]12[C@](CC[C@]2([H])[C@H](C)CCC(NCC(O)=O)=O)([H])[C@@]3([H])[C@]([C@@]4([C@](C[C@H](O)CC4)([H])C[C@H]3O)C)([H])CC1
803,CC(C)C[C@@H](C(O)=O)NC([C@@H](O)[C@H](N)CC1=CC=CC=C1)=O
804,OC1=C2N=CC=CC2=C(Br)C=C1Br
805,[H][C@]12CCCCN1C[C@H]3C[C@@H]2CN4CCCC[C@@]34[H]
806,CC[C@@H]1[C@H](C[C@@]2([H])C3=CC(OC)=C(OC)C=C3CCN2C1)C[C@]4([H])C5=CC(OC)=C(OC)C=C5CCN4.[H]Cl.[H]Cl
807,NCCC#N.OC(/C=C/C(O)=O)=O.NCCC#N
808,O=C1[C@](O)(CC)C2=C(CO1)C(N3CC4=CC5=C([N+]([O-])=O)C=CC=C5N=C4C3=C2)=O
809,O=C(O)C(N)C(ON1)=CC1=O
810,O=C(O)CCCCCC(O)=O
811,OCC1=CC=C(O)C(OC)=C1
812,O[C@H]1[C@]([H])(O[C@@H]2[C@@H](O)[C@@H](O)CO[C@]2(O[C@@H]3[C@@](C)(CO)[C@@](CC[C@]4(C)[C@]5([H])CC=C6[C@@]4(C)CC[C@]7(C(O[C@@H]8O[C@H](CO[C@H]9[C@H](O)[C@@H](O)[C@H](O[C@@]%10([H])[C@H](O)[C@H](O)[C@@H](O)[C@H](C)O%10)[C@@H](CO)O9)[C@@H](O)[C@H](O)[C@H]8O)=O)[C@@]6([H])CC(C)(C)CC7)([H])[C@]5(C)CC3)[H])O[C@@H](C)[C@H](O)[C@H]1O
813,O=C(C(N12)=C(CSC3=NN=NN3C)CO[C@]2([H])[C@](OC)(NC([C@H](C([O-])=O)C4=CC=C(O)C=C4)=O)C1=O)[O-].[Na+].[Na+]
814,O=C(C1=CN(CC)C2=NC(N3CCNCC3)=NC=C2C1=O)O
815,N[C@@H](C(O)=O)CC(O)=O
816,O=C(NC1=C(C)C=CC=C1C)CN2CCN(CC(O)COC3=CC=CC=C3OC)CC2
817,O=C(O)C[C@@H]1[C@@H](C(O)=O)NC[C@@H]1C(C)=C
818,O[C@H]1[C@@H](C2=CC(O)=C(O)C(O)=C2)OC3=CC(O)=CC(O)=C3C1
819,CCCCCCCC/C=C\CCCCCCCC(O)=O
820,O[C@@H]1[C@]2(CO3)[C@@]([C@H](O)[C@]3(O)[C@]45[C@@]2([H])CC[C@](C(C5=O)=C)([H])[C@@]4([H])O)([H])C(C)(C)CC1
821,CC(C(N/1)=O)=C(C=C)C1=C\C2=C(C)C(CCC(O)=O)=C(CC3=C(CCC(O)=O)C(C)=C(/C=C4NC(C(C=C)=C\4C)=O)N3)N2
822,OC1=CC=C([C@@H](O)CNC)C=C1
823,O=C(O)CNC(C1=CC=CC(O)=C1)=O
824,C[C@@]12[C@@]34[C@](O5)([C@@H]([C@](O6)(C(C)C)[C@@H]6[C@@H]3O4)O)[C@@H]5C[C@@]1([H])C7=C(C(OC7)=O)CC2
825,CN(C)C(NCCC[C@H](N)C(O)=O)=N
826,O=C(C(C1=O)=CN2[C@@H](C)COC3=C(N4CCN(C)CC4)C(F)=CC1=C23)O.[0.5H2O]
827,O=C(O)[C@@H](N)CC1=CC=C(O)C(I)=C1
828,C[N+]1(CC(CS[C@]2([H])[C@@H]3NC(/C(C4=CSC(N)=N4)=N\OC)=O)=C(C(O)=O)N2C3=O)CCCC1.[Cl-].Cl.O
829,O[C@@H]([C@@H]1O[C@@]([C@@H](C[C@@H]2O)N)([H])O[C@@H]2CN)[C@H]([C@@H](C[C@@H]1N)N)O[C@@]([C@@H]([C@@H](N)[C@@H]3O)O)([H])O[C@@H]3CO
830,CC1(C)C(/C=C/C(C)=C/C=C/C(C)=C/C=C/C=C(C)/C=C/C=C(C)/C=C/C2=C(C)CCCC2(C)C)=C(C)CCC1
831,CC1(C)[C@@]2(C)[C@H](OC(C)=O)C[C@]1([H])CC2
832,O=C([C@@H](NC([C@H]([C@@H](C)O)NC([C@@H](NC([C@H]([C@@H](C)CC)N(C)C(C)=O)=O)[C@@H](C)CC)=O)=O)CC(C)C)[C@@]1(C)CO1
833,O=C(O)[C@@H](N)CC1=CN=CN1C
834,OC[C@@H]1[C@H]([C@H]([C@H](N2C=NC3=C2N=CN(C)C3=N)O1)O)O
835,O=P(O)(OP(O)(OC[C@H]1O[C@@H](N2C=NC3=C(N)N=CN=C23)[C@H](O)[C@@H]1O)=O)O
836,O=C(C1=NC=CC=C1C(O)=O)O
837,O=C(O)[C@H]1NCCC1
838,OC1=C(OC)C(O)=C([C@@]2([H])[C@@](OC3=O)([H])[C@@H](O)[C@H](O)[C@@H](CO)O2)C3=C1
839,C[C@]([C@H](OC([C@@H]([C@H]([C@H](C)[C@H]1O[C@@](O[C@H](C)C[C@@H]2N(C)C)([H])[C@@H]2O)O[C@@](O[C@@H](C)[C@@H]3O)([H])C[C@@]3(C)OC)C)=O)CC)(O4)[C@]([C@H](C([C@@H](C[C@]1(O)C)C)=O)C)([H])OC4=O
840,CC/C=C/C=C\CCCCCCCCOC(C)=O
841,O=C(O)C(O)CC1=CC=CC=C1
842,O=C(O)COC1=CC(OC/C=C(C)/C)=CC=C1C(/C=C/C2=CC=C(OC/C=C(C)/C)C=C2)=O
843,CC(CC/C=C(C)/CC/C=C(C)/CC/C=C(C)/CC/C=C(C)\C)=O
844,O=C(C=C1)N(CC)C1=O
845,CCCCCCCC/C=C/CCCCCCCC(O)=O
846,O=C1N[C@@]2([H])[C@H](O)[C@H](O)[C@@H](O)C=C2C3=C1C(O)=C4C(OCO4)=C3
847,NC1=NC(C(NC2=O)=C(N2[C@H]3C[C@H](O)[C@H](O3)CO)N1)=O
848,NC(NCCN1CCCCCCC1)=N.O=S(O)(O)=O
849,CCCC(N)C(O)=O
850,O[C@@H]1[C@@H](CO)O[C@@H](OC2=CC=C(C=O)C=C2)[C@H](O)[C@@H]1O
851,CC/C=C\C/C=C\C/C=C\C/C=C\C/C=C\CCCC(O)=O
852,N[C@@H](CC1=CC(I)=C(C(I)=C1)OC2=CC(I)=C(O)C(I)=C2)C(O)=O
853,O=C([C@H]([C@@H](OC)[C@H](OC(C1=CC(OC)=C(OC)C(OC)=C1)=O)C[C@]2([H])CN3CC4)[C@@]2([H])C[C@]3([H])C5=C4C(C=CC(OC)=C6)=C6N5)OC
854,O=C1N=C(N)NC2=C1N[C@@H]([C@@H](O)[C@@H](O)C)CN2.[H]Cl.[H]Cl
855,O=CC1=CC=C(O)C(O)=C1
856,O=C1C2=CC=C(O)C=C2OC=C1
857,OC1=CC=C(C=C1)C2=C(C(O)=C(C(OC)=C2)C3=CC=C(C=C3)O)OC
858,OC1=CC=C(/C=C/C(O[C@@H](C(O)=O)CC2=CC(O)=C(O)C=C2)=O)C(/C=C/C3=CC(O)=C(O)C=C3)=C1O
859,O=C1N(C)[C@H](C2=CC=CN=C2)CC1
860,O=C1[C@@H](NC(/C(C2=CSC(N)=N2)=N\OC(C)(C(O)=O)C)=O)[C@@]3([H])SCC(C[N+]4=CC=CC=C4)=C(C([O-])=O)N13
861,O=S(CCCN=C=S)C
862,O[C@H]([C@H]([C@@H]([C@@H](CO)O1)O)O)[C@H]1O[C@@H]2[C@@H]([C@H]([C@@H]([C@@H](CO)O2)O)O)O
863,O[C@]([C@@H](C)C1)(C)[C@@H](OC(C2=CC=CC=C2)=O)C3=CC(OC)=C(OC)C(OC)=C3C4=C1C=C5OCOC5=C4OC
864,O=C(N[C@@H](CCCNC(N)=N)C(O)=O)C
865,O=C(C1=NC2=CC=CC=C2C(O)=C1)O
866,O=C(OC)C1=CC(O)=C(O)C(O)=C1
867,C[C@@H]1CC[C@@]2(C(O[C@@H]3O[C@H](CO[C@H]4[C@H](O)[C@@H](O)[C@H](O[C@@]5([H])[C@H](O)[C@H](O)[C@@H](O)[C@H](C)O5)[C@@H](CO)O4)[C@@H](O)[C@H](O)[C@H]3O)=O)[C@@](C6=CC[C@@]([C@](C[C@@H](O)[C@H](O)[C@]7(CO)C)(C)[C@@]7([H])CC8)([H])[C@]8(C)[C@]6(C)CC2)([H])[C@H]1C
868,CC(=O)CC(=O)CCC(O)=O
869,CCCCCCCCCCCCC/C=C/[C@@H](O)[C@@H](N)CO
870,O=C1C=CC2=CC=C(OC)C=C2O1
871,CC(/C=C/C=C(/C=C/C1=C(CCCC(C)1C)C)C)=C\C(NC2=CC=C(O)C=C2)=O
872,C[C@@]12[C@](C(CO)=O)(O)[C@@H](C)C[C@@]1([H])[C@]3([H])C[C@H](F)C4=CC(C=C[C@]4(C)[C@@]3(F)[C@@H](O)C2)=O
873,OC(C(O)=C1C(/C=C/C2=CC=C(O)C=C2)=O)([C@]([C@@H]([C@@H](O)[C@@H]3O)O)([H])O[C@@H]3CO)C(O)=C([C@@H]([C@@H]([C@@H](O)[C@@H]4O)O)O[C@@H]4CO)C1=O
874,O=C(C(N12)=C(CN3N(CCO)C(C=C3)=N)CS[C@]2([H])[C@H](NC(/C(C4=CSC(N)=N4)=N\OC)=O)C1=O)O.O=S(O)(O)=O
875,O=C(O)/C(NC([C@@H]1C(C)(C)C1)=O)=C/CCCCSC[C@H](N)C(O)=O
876,O=C(CC(/C=C/C1=CC=C(O)C=C1)=O)/C=C/C2=CC=C(O)C(OC)=C2.[(E)].[(E)]
877,O=C1O[C@@H]([C@H]2N(C)CCC3=C2C=C(OCO4)C4=C3)C5=CC=C(OCO6)C6=C51
878,OC[C@@H]1[C@H](O)[C@H](O)[C@@H](O)[C@H](O[C@@H]([C@H](O)[C@@H](O)C=O)[C@H](O)CO)O1
879,OC1=CC=C2C=CC=CC2=C1
880,C/C=C/C1=CC=C(OC)C=C1
881,O=C([C@@H](C(C)(C)S([C@]1([H])C2)(=O)=O)N1C2=O)O
882,O=C(N[C@H](CO)[C@H](O)C1=CC=C(S(=O)(C)=O)C=C1)C(Cl)Cl
883,OC[C@@H]1[C@H]([C@H]([C@H](N2C(N=C(C=C2)N)=O)O1)O)O
884,O[C@@H](C(NCCC([O-])=O)=O)C(C)(C)CO.[0.5Ca2+]
885,O=C(C(C(O)=C(Cl)C(O)=C1Cl)=C1CC)O[C@H]([C@H](O[C@H]2OC/C(C(O[C@](C/C=C3C)([H])[C@H](O)C)=O)=C\C=C\C[C@@H](/C(C)=C\[C@H](CC)[C@@H](O[C@@](OC(C)(C)[C@@H](OC(C(C)C)=O)[C@@H]4O)([H])[C@H]4O)\C(C)=C/3)O)C)[C@@H]([C@@H]2OC)O
886,O=C(C1=CN(C2CC2)C3=C(C=C(F)C(N4[C@](C5)([H])CN(C)[C@]5([H])C4)=C3)C1=O)O.CS(=O)(O)=O
887,O[C@H]1[C@H](O[C@@H](C#N)C2=CC=CC=C2)O[C@H](CO[C@H]3[C@@H]([C@H]([C@@H]([C@@H](CO)O3)O)O)O)[C@@H](O)[C@@H]1O
888,O=C([C@@H](NC(C(NC([C@@H](NC(C(NC(C=C1)C2([H])O)[C@@H](C)CC)=O)C)=O)=C)=O)C)N[C@](C3=NC(C(NC(C(N/C(C4=N[C@]5([H])CS4)=C\C)=O)[C@H](O)C)=O)=CS3)(CCC(C6=NC(C(NC(C(NC(C(N)=O)=C)=O)=C)=O)=CS6)=N7)[C@@]7([H])C8=CSC([C@@]([C@H](OC(C9=CC([C@@H](O)C)=C1C2=N9)=O)C)([H])NC(C%10=CSC([C@](NC5=O)([H])[C@](C)(O)[C@H](O)C)=N%10)=O)=N8
889,O=C(N1C)N(C)C2=C(N=CN2)C1=O
890,COC1=C(OC)C2=C[N+]3=C(C4=CC(OC)=C(OC)C=C4CC3)C=C2C=C1.[Cl-]
891,CC1=NC=C([N+]([O-])=O)N1CCS(=O)(CC)=O
892,O=C(CC(C[C@H]([C@H]1C([C@@H](C)C[C@H](C)C1)=O)O)C2)NC2=O
893,OC(=O)CCCCC(O)=O
894,O=C(C1=C[C@@H](O)[C@@H](O)[C@H](O)C1)O
895,COC1=C(OC)C2=C[N+]3=C(C(C(CC3)=C4)=CC5=C4OCO5)C=C2C=C1.[Cl-]
896,O[C@@](C(O)=C(C(C1=C2C=CC=C1O)=O)[C@](C2=C)([H])[C@@H]3O)(C(C(C(N)=O)=C4O)=O)[C@]3([H])[C@@H]4N(C)C.Cl
897,COC1=CC(O)=CC(CCC2=CC(O)=C(OC)C=C2)=C1
898,O=C1C=C(C2=CC=CC=C2)OC3=C(O)C(O)=CC=C13
899,O=C(C(N12)=C(CSC3=NN=NN3CS(=O)([O-])=O)CS[C@]2([H])[C@H](NC([C@H](O)C4=CC=CC=C4)=O)C1=O)[O-].[Na+].[Na+]
900,OC1=CC=C(CC=C)C=C1O
901,[O-]C([C@@H]1N(C2=O)[C@]([C@@H]2NC([C@@H](C3=CC=CC=C3)N)=O)([H])SC1(C)C)=O.[Na+]
902,O=[N+](C1=CN=C(C)N1C)[O-]
903,C[C@@]12[C@@H](C(COC(C)=O)=O)CC[C@@]1([H])[C@]3([H])CCC4=CC(CC[C@]4(C)[C@@]3([H])CC2)=O
904,CCCC(CCC)C(O)=O
905,O=C(O)C1=C(CC[C@@H](C)[C@H](O)[C@H](C)C([C@@H]([C@H]2O[C@@]([C@H]3CC[C@](O)(CC)[C@H](C)O3)(CC)C[C@@H]2C)CC)=O)C=CC(C)=C1O
906,O=C1C=CC2=CC=C(O)C(O)=C2O1
907,OC(C=C1)=C(C(O)=O)C=C1O
908,O=C1C2=C([C@@](O)(CC)C(OC2)=O)C=C(N1C3)C(C3=C4)=NC5=C4C=CC=C5
909,O=C(C(N12)=CCS[C@]2([H])[C@H](NC(/C(C3=CSC(N)=N3)=N\OC)=O)C1=O)O
910,C[C@@]12[C@@H](C(CO)=O)CC[C@@]1([H])[C@]3([H])CCC4=CC(CC[C@]4(C)[C@@]3([H])[C@@H](O)C2)=O
911,O=C(C(N12)=C(CSC3=NN=NN3C)CS[C@]2([H])[C@H](NC(/C(C4=CSC(N)=N4)=N\OC)=O)C1=O)O.[0.5HCl]
912,O=C(C(N12)=C(CSC3=NN=C(C)S3)CS[C@]2([H])[C@H](NC(CN4N=NN=C4)=O)C1=O)[O-].[Na+]
913,N[C@@H](CSC)C(O)=O
914,O=C([C@@H]1N(C2=O)[C@]([C@@H]2NC([C@@H](C3=CC=C(O)C=C3)N)=O)([H])SC1(C)C)O[Na]
915,O=C(C1=CC(OC(C2=CC(O)=C(O)C(O)=C2)=O)=C(O)C(O)=C1)OC3[C@H](OC(C4=CC(OC(C5=CC(O)=C(O)C(O)=C5)=O)=C(O)C(O)=C4)=O)[C@@H](OC(C6=CC(OC(C7=CC(O)=C(O)C(O)=C7)=O)=C(O)C(O)=C6)=O)[C@H](OC(C8=CC(OC(C9=CC(O)=C(O)C(O)=C9)=O)=C(O)C(O)=C8)=O)[C@@H](COC(C%10=CC(OC(C%11=CC(O)=C(O)C(O)=C%11)=O)=C(O)C(O)=C%10)=O)O3
916,OC1=CC=C(C(C)(C)CC(C)(C)C)C=C1CC2=CC=C(Cl)C=C2Cl
917,C[C@]1([C@](CC2)([H])[C@]3([H])CCC4=C(C=CC(OS(=O)(O)=O)=C4)[C@@]3([H])CC1)C2=O.N5CCNCC5
918,O=C1C=C(C2=CC=C(O)C=C2)OC3=CC=CC(O)=C13
919,CN(C)CC1=CNC2=C1C=CC=C2
920,O=P(O)(O)O[C@H]([C@H]([C@H](OP(O)(O)=O)[C@H]1OP(O)(O)=O)OP(O)(O)=O)[C@H]([C@H]1OP(O)(O)=O)OP(O)(O)=O
921,O[C@@H](C1=CC=NC2=CC=CC=C12)[C@]3([H])[N@@]4C[C@H](C=C)[C@@H](CC4)C3
922,O=C(O)[C@@H](O)CC1=CC=CC=C1
923,COC1=C(C=O)C=CC=C1OC
924,C[N+](C)(C)CCCCC([O-])=O
925,O=C1C2=C(C=C(C)C=C2O)C(C3=CC(O)=CC(O)=C31)=O
926,O=C1C2=C(O)C=C(O)C3=C2C4=C(C5=C6C(O)=CC(C)=C5C7=C4C1=C(O)C=C7C)C8=C3C(O)=CC(O)=C8C6=O
927,O=C(O)CCCC1=CNC2=C1C=CC=C2
928,O=C(O)C1NCC1
929,O=C(C(N12)=C(Cl)CS[C@]2([H])[C@H](NC([C@H](N)C3=CC=CC=C3)=O)C1=O)O
930,O=C1OC(C(C=C1)=C2)=C(OC)C3=C2C=CO3
931,OC(C1=CC=CC=C1)(CCCN2[C@@H](C)CCC[C@H]2C)C3=CC=CC=N3.Cl[H]
932,OC[C@@H]1C[C@H]([C@H](N2C=NC3=C2N=CN=C3N)O1)O
933,O=C(CC(C)(C)OC(C)=O)O[C@@H]1[C@]2(CO2)[C@]([C@@H]3OC(CC(C)C)=O)([H])C(C(COC(C)=O)=CO3)=C1
934,C[C@]([C@@](C1)([C@]2([H])[C@@](C(O)(C)C)([H])[C@@]3([H])OC2=O)O)([C@]3([H])OC4=O)[C@@]54[C@@H]1O5.C[C@]([C@@](C6)([C@]7([H])[C@@](C(C)=C)([H])[C@@]8([H])OC7=O)O)([C@]8([H])OC9=O)[C@@]%109[C@@H]6O%10
935,O[C@H]1[C@](O[C@H]2[C@H](N)C[C@H](N)[C@@H](O[C@@]3([H])O[C@H](CN)[C@@H](O)[C@H](O)[C@H]3N)[C@@H]2O)([H])O[C@H](CO)[C@@H](O)[C@@H]1N
936,O=C(C1=CN(CC)C2=C(C=C(F)C(N3CCNCC3)=N2)C1=O)O.[1.5H2O]
937,O[C@@]([C@@H](C)C1)(C)CC2=CC(OC)=C(OC)C(OC)=C2C3=C1C=C4OCOC4=C3OC
938,OC([C@@H](N)CCC(NCC)=O)=O
939,O[C@H]([C@H]([C@@H]([C@@H](CO)O)O)O)CNC.O=C(O)/C(C)=C/C=C/C(C)=C/C=C/C=C(C)/C=C/C=C(C)/C(O)=O.O[C@H]([C@H]([C@@H]([C@@H](CO)O)O)O)CNC
940,O=C(OCCCCNC(N)=N)C1=CC(OC)=C(O)C(OC)=C1
941,O=C1C(C2=CC=CC=C2)=COC3=CC(OC)=CC=C13
942,O=C1[C@@H]([C@@H](C2=CC(O)=C(O)C=C2)OC3=CC(O)=CC(O)=C13)O[C@@](O[C@@H](C)[C@H](O)[C@H]4O)([H])[C@@H]4O
943,O=C(C(N(C(C(CCC1)N1C(C(NC2=O)CC)=O)=O)C)CC3=CC=C(N(C)C)C=C3)N(CCC4=O)C(C4)C(NC(C5=CC=CC=C5)C(OC(C2NC(C(N=CC=C6)=C6O)=O)C)=O)=O
944,O=C([C@@H](C(C)(C)S[C@]1([H])[C@@H]2NC([C@H](NC(N3C(C(N(CC)CC3)=O)=O)=O)C4=CC=CC=C4)=O)N1C2=O)[O-].[Na+]
945,O=C1C(O[C@@H]2O[C@@]([C@H](O)CO)([H])[C@H](O)[C@H]2O)=C(C3=CC(O)=C(O)C=C3)OC4=CC(O)=CC(O)=C14
946,C=C1/C(C[C@@H](O)CC1)=C\C=C2[C@@]3([H])[C@@](CCC\2)(C)[C@]([C@H](C)/C=C/[C@H](C)C(C)C)([H])CC3
947,O=C(OC1CC(N2C)CC(O)C2C1)C(CO)C3=CC=CC=C3
948,C[C@@H]1[C@@](CC[C@@H](C)[C@]2([H])CC[C@]3(C)O4)([H])[C@@]2(OO3)[C@]4([H])O[C@@H]1OCC
949,O=C1OCC=C1/C=C/[C@@H]2C(CC[C@]3([H])[C@](C)(CO)[C@H](O)CC[C@@]23C)=C
950,N[C@@H](C)C(O)=O
951,O=C(C1=C(N)NC=N1)N
952,O=C(O)/C=C/C1=CC=C(O)C=C1
953,O=C(OC)C1=CC=C(O)C(O)=C1
954,OCC([C@H]([C@@H]([C@@H](CO)O)O[C@H]1[C@@H]([C@H]([C@H]([C@@H](CO)O1)O)O)O)O)=O
955,OC1=CC=C(C2=COC(C=C(O[C@H]3[C@H](O)[C@@H](O)[C@H](O)[C@@H](CO)O3)C=C4)=C4C2=O)C=C1
956,C/C(C)=C\CC/C(C)=C/CC/C(C)=C/CC/C=C(C)/CC/C=C(C)/CC/C=C(C)\C
957,OC([C@H](OC(/C=C/C1=CC(O)=C(O)C=C1)=O)CC2=CC(O)=C(O)C=C2)=O
958,O[C@@H](C[C@H](N1C(N=C(C=C1)N)=O)O2)[C@H]2COP(O)(OP(OP(O)(O)=O)(O)=O)=O
959,NC1=C2N=CN=C2N(C)C=N1
960,CC([C@H]1CC[C@@]2([H])[C@]3([H])CCC4=CC(CC[C@]4(C)[C@@]3([H])CC[C@]12C)=O)=O
961,O=C(O)CNC(CC[C@@H](C)[C@H]1CC[C@@]2([H])[C@]3([H])[C@H](O)C[C@]4([H])C[C@H](O)CC[C@]4(C)[C@@]3([H])C[C@H](O)[C@]12C)=O
962,O=C(O[C@]1([H])CCN2[C@]1([H])C(CO3)=CC2)[C@H](C)[C@@](C)(O)[C@@](C)(O)C3=O
963,O=C1C(O)=C(C)OC=C1
964,NCCCNCCCCNCCCN
965,O=C1C(O)=C(C2=CC=C(O)C=C2)OC3=C1C=CC=C3
966,O=C([C@@H](C(C)(C)S[C@]1([H])[C@@H]2NC([C@H](NC(N3CCN(S(=O)(C)=O)C3=O)=O)C4=CC=CC=C4)=O)N1C2=O)[O-].[Na+]
967,CCCCC/C=C\C/C=C\CCCCCCCC(O)=O
968,COC1=CC=C(CC23)C(CN2CCC(C3=C4)=CC5=C4OCO5)=C1OC
969,O[C@H]([C@@H]1O)[C@@H](O[C@@H]1COP(OP(OC[C@H]2O[C@@H]([N+]3=CC=CC(C(N)=O)=C3)[C@H](O)[C@@H]2O)([O-])=O)(O)=O)N4C(N=CN=C5N)=C5N=C4
970,O=C(N1C)N(C)C2=C(N=CN2)C1=O.O=C(N3C)N(C)C4=C(N=CN4)C3=O.NCCN
971,O=C[C@@H](NC([C@@H](NC([C@@H](NC(C)=O)CC(C)C)=O)CC(C)C)=O)CCCNC(N)=N.[0.5H2SO4]
972,CC(C1=CC=C(OC)C=C1O)=O
973,O=C(C(N12)=C(C)CS[C@]2([H])[C@H](NC([C@H](N)C3=CC=CC=C3)=O)C1=O)O
974,O=C1[C@H](O)[C@@H](C2=CC=C(OC(C3=CC=C(O)C(OC)=C3)C(CO)O4)C4=C2)OC5=CC(O)=CC(O)=C15
975,O=C(NC1)C2=C1C3=C(C4=C2C5=C(C=CC=C5)N4[C@H]6C[C@@H](NC)[C@@H](OC)[C@]7(C)O6)N7C8=CC=CC=C83
976,OC1=C(C(N)=O)C([C@@]2(O)C(O)=C3C(C4=C(O)C=CC(N(C)C)=C4C[C@@]3([H])C[C@@]2([H])[C@@H]1N(C)C)=O)=O.Cl
977,O[C@H]1[C@H](N(C=CC(N)=N2)C2=O)O[C@H](COP(OP(OCC[N+](C)(C)C)([O-])=O)(O)=O)[C@H]1O.[Na]
978,OC1=CC=C(/C=C/C2=CC(O)=CC(O)=C2)C(O)=C1
979,OCC1=CC=C(O)C=C1
980,O=C(C(N12)=C(COC(C)=O)CS[C@]2([H])[C@H](NC(/C(C3=CSC(N)=N3)=N\OC)=O)C1=O)[O-].[Na+]
981,O[C@H]1[C@](O[C@H](C)[C@@H](O[C@@](O[C@@H](C)[C@@H]2O)([H])C[C@]2(O)C)[C@@H]1N(C)C)([H])O[C@@H]([C@H](C[C@H]([C@H](/C=C/C=C/C3)O[C@](CC[C@@H]4N(C)C)([H])O[C@@H]4C)C)CC=O)[C@H]([C@](CC(O[C@@H]3C)=O)([H])OC(C)=O)OC
982,O=C([C@]1(CC[C@H]2C(C)=C)[C@@]2([H])[C@](CC[C@@]3([H])[C@]4(CC[C@]5([H])[C@@]3(CC[C@H](O[C@@](OC[C@H](O)[C@@H]6O)([H])[C@@H]6O[C@@](O[C@@H](C)[C@H](O)[C@H]7O)([H])[C@@H]7O)[C@@]5(C)CO)C)C)([H])[C@@]4(C)CC1)O[C@@H]([C@@H]([C@@H](O)[C@@H]8O)O)O[C@@H]8CO[C@@H]([C@@H]([C@@H](O)[C@@H]9O[C@@](O[C@@H](C)[C@H](O)[C@H]%10O)([H])[C@@H]%10O)O)O[C@@H]9CO
983,OC[C@@H](O)[C@@H](O)[C@H](O)[C@H](O)C=O
984,O=C([C@]1([H])CC2=C([C@H](/C=C(C)\C)N13)NC4=C2C=CC(OC)=C4)N5[C@](CCC5)([H])C3=O
985,O[C@H]1[C@@H](O[C@H]2O[C@H](CO)[C@@H](O)[C@H](O)[C@H]2O)O[C@H](CO)[C@@H](O)[C@@H]1O.[2 H2O]
986,O=C(C(C1=O)=C(O)[C@@H](N(C)C)[C@]2([H])[C@@H](O)[C@]3([H])[C@@H](C)C4=C(C(C3=C(O)[C@@]21O)=O)C(O)=CC=C4)N.Cl.[0.5H2O].[0.5C2H6O]
987,OC[C@@H]1[C@H](C[C@H](N2C(NC(C(C)=C2)=O)=O)O1)O
988,O=C(C(N12)=C(COC(N)=O)CS[C@]2([H])[C@@](NC(CC3=CC=CS3)=O)(OC)C1=O)O[Na]
989,NCCC1=CNC2=C1C=CC=C2
990,O[C@H]1[C@@H](C2=CC=C(O)C(O)=C2)OC3=CC(O)=CC(O)=C3[C@@H]1C4=C5C(C[C@@H](O)[C@@H](C6=CC=C(O)C(O)=C6)O5)=C(O)C=C4O
991,O[C@H](C1)[C@H](OC)[C@@H](O[C@H]2[C@H](O)[C@@H](N(C)C)[C@H](O[C@@H]3O[C@@H](C)[C@H](O)[C@@](O)(C)C3)[C@@H](C)O2)[C@@H](CC=O)C[C@@H](C)[C@@H](O[C@@H]4O[C@H](C)[C@@H](N(C)C)CC4)/C=C/C=C/C[C@@H](C)OC1=O
992,C=C[C@H]1C[N@](CC[C@H]1C2)[C@]2([H])[C@H](O)C3=CC=NC4=CC=CC=C34
993,O=C(C1=CN(CC)C2=C(C=CC(C)=N2)C1=O)O
994,CC1(C)OC2(C)CCC1CC2
995,[O-]C([C@@]1([H])[C@H](CO)O)=C(O)C(O1)=O.[Na+]
996,OC1=CC=C(CCNC(C)CCC2=CC=C(O)C=C2)C=C1O.[H]Cl
997,O=C(C1=CC=CC=C1)N[C@](C2=CC=CC=C2)([H])[C@@H](O)C(O)=O
998,O=S(C1=CC=C(N)C=C1)(NC2=NOC(C)=C2)=O
999,O[C@@H]1C2([C@@](O3)([H])[C@H](O)[C@H]4C(C)(C)C)C4([C@H]5O)[C@](OC5=O)([H])OC2(C3=O)[C@@](O)([C@@H]6C)[C@@]1([H])OC6=O
1000,CC(O)CC(O)=O
1001,[H][C@@]1([C@H](O)C2=CC=NC3=C2C=C(OC)C=C3)C[C@H]4[C@@H](C=C)C[N@@]1CC4
1002,OC(C1=CC2=C(OCO2)C3=C4C(C(OC)=CC=C4)=CC([N+]([O-])=O)=C31)=O
1003,O=C1CCC[C@]2([H])[C@@]3([H])CCC[N@@+]4([O-])[C@@]3([H])[C@](CCC4)([H])CN21
1004,OC1=C(C2=O)C(OC(C3=CC(O)=C(O)C=C3)=C2)=CC(O)=C1[C@@H]([C@@H]([C@@H](O)[C@@H]4O)O)O[C@@H]4CO
1005,CC1=C(C)N=C(C)C(C)=N1
1006,N[C@H]1C2(CC2)CN(C(C(Cl)=C3N([C@H]4[C@@H](F)C4)C=C(C(O)=O)C5=O)=C(C=C35)F)C1.[1.5 H2O]
1007,[O-]C([C@@H]1N(C2=O)[C@]([C@@H]2NC(C(C(C(C(F)=CC=C3)=C3Cl)=NO4)=C4C)=O)([H])SC1(C)C)=O.[Na+]
1008,NC1=C2N=CNC2=NC=N1
1009,O=C1C(C)=C[C@@]2([H])[C@]3(O)[C@@]([C@@](C4(C)C)([H])[C@@]4(O)[C@H](O)[C@H]3C)([H])C=C(CO)C[C@]12O
1010,N[C@@H](CC[S+](C[C@@H]1[C@H]([C@H]([C@H](N2C=NC3=C2N=CN=C3N)O1)O)O)C)C(O)=O.O=S(O)([O-])=O.O=S(O)(O)=O.OS(=O)(C4=CC=C(C)C=C4)=O
1011,S=C(OC1=CC=C2C=CC=CC2=C1)N(C)C3=CC=CC(C)=C3
1012,O=C[C@@H]([C@H]([C@@H](CO)O)O)O
1013,O=C1C2=C(C=C(C)C=C2O)C(C3=CC(OC)=CC(O)=C13)=O
1014,O=C(C(N12)=C(COC(N)=O)CS[C@]2([H])[C@H](NC(/C(C3=CC=CO3)=N\OC)=O)C1=O)[O-].[Na+]
1015,OC1=CC=CC(O)=C1O
1016,O=C(O)CCC(O)=O
1017,C[C@H]([C@H]([C@](O)(C[C@H](/C1=N\OCOCCOC)C)C)O[C@@](O[C@H](C)C[C@@H]2N(C)C)([H])[C@@H]2O)[C@]([C@H](C(O[C@@H]([C@@](O)([C@H](O)[C@H]1C)C)CC)=O)C)([H])O[C@@](O[C@@H](C)[C@@H]3O)([H])C[C@@]3(C)OC
1018,O[C@]([C@@](CC[C@@]1([H])[C@@]2(CC[C@H](O)C1)C)([H])[C@]2([H])CC3)(CC[C@@H]4C(C=C5)=COC5=O)[C@]34C
1019,O=C([C@](NC(C(NC([C@@](C[C@@H](O)C1)([H])N1C2=O)=O)[C@H](O)[C@H](C3=CC=C(O)C=C3)O)=O)([H])[C@H](O)CC(N)=O)N4[C@@](C(N[C@@H]([C@@H](C[C@@H](C(NC2[C@H](O)C)=O)NC(CCCCCCCC[C@@H](C)C[C@@H](C)CC)=O)O)O)=O)([H])[C@@H](O)CC4
1020,OC[C@@H]1[C@H]([C@H]([C@H](N2C(N(C)C(C=C2)=O)=O)O1)O)O
1021,C[C@@H](O)[C@](NC([C@H]1N(C)C[C@H](CCC)C1)=O)([H])[C@@]2([H])O[C@H](SC)[C@H](O)[C@@H](O)[C@H]2O.Cl.O
1022,O=C([C@@]1([C@H]([C@H](O)[C@]2([H])[C@]3(C4)C)O)[C@@]([C@H](C5=O)OC(CC(C)C)=O)([H])[C@@]2([C@@](O5)([H])C[C@@]3([H])C(C)=C(O)C4=O)CO1)OC
1023,O=C([C@@H](C)CC)O[C@@H]1[C@@]([C@H]2CC[C@@H](OC3=O)C[C@H](C3)O)([H])C(C=C[C@@H]2C)=C[C@H](C)C1
1024,OC[C@@H](O)[C@H](O)[C@@H](O)CO
1025,O=C(O)CCC(NC1=CC=C(S(=O)(NC2=NC=CS2)=O)C=C1)=O
1026,CCCCCCCCCC(O)=O
1027,O=C1NC(C=CN1)=O
1028,O=C1NC2=C(C=CC=C2)C1
1029,OC([C@]1(CCC(C)(C)C2)[C@]2([H])C3=CC[C@@]4([H])[C@@](C)(CC[C@]5([H])[C@@]4(CC[C@H](O)[C@@]5(C)C=O)C)[C@]3(C)C[C@H]1O)=O
1030,C[C@](CC/C=C(C)/C)([C@]1([H])[C@]([C@H](O)C[C@@]2([H])[C@@]3(C)CC[C@]4([H])[C@]2(C)CC[C@H](O[C@]5([H])O[C@H](CO)[C@@H](O)[C@H](O)[C@H]5O[C@]6([H])O[C@H](CO)[C@@H](O)[C@H](O)[C@H]6O)C4(C)C)([H])[C@@]3(C)CC1)O[C@@H]7O[C@H](CO)[C@@H](O)[C@H](O)[C@H]7O
1031,O[C@@H]1CCN[C@@H]([C@H]1O)CO
1032,O=C(OC)NC1=NC2=CC=C(SCCC)C=C2N1
1033,CCCCCCCCCCCCCC(O)=O
1034,CCCCCCCCCCCC(O)=O
1035,O=C(C(C1=O)=CN2[C@@H](C)COC3=C(N4CCN(C)CC4)C(F)=CC1=C23)O
1036,C[C@](C1=CC=C(C(C)=C2O)C3=CC2=O)(CC[C@]4(C)[C@@]5([H])C[C@@](C(OC)=O)(C)CC4)[C@]5(CC[C@]13C)C
1037,ClC1=CC=CC=C1C(N2C=CN=C2)(C3=CC=CC=C3)C4=CC=CC=C4
1038,C[C@]1(CC[C@](C2=C)([H])[C@@](OC2=O)([H])[C@@]3([H])C(C)=CC4)[C@]34O1
1039,O=C1C(O[C@H]2[C@@H]([C@H]([C@@H](CO2)O)O)O)=C(C3=CC=C(O)C(O)=C3)OC4=CC(O)=CC(O)=C14
1040,O=C(O)CO
1041,O=C(O)CCSC
1042,CC(=O)C1=C(O)C=C(O)C=C1O
1043,O=C1[C@@]2(C=C(C)[C@@H]3O)[C@]3(O)[C@H](O)C(C)=C[C@@]1([H])[C@@]4([H])[C@@](C4(C)C)([H])C[C@H]2C
1044,O=C1C=CC2=CC3=C(OC=C3)C(OC/C=C(C)/C)=C2O1
1045,O=C([C@@]12C3=C(CC[N@](C4)[C@]1([H])C(CC)=C[C@@]4([H])C2)C5=CC=CC=C5N3)OC
1046,O=C1C=CC2=CC(OC)=C(O)C=C2O1
1047,O=S(C1=CC=C(N)C=C1)(C2=CC=C(N)C=C2)=O
1048,Nc1nc(=O)cc[nH]1
1049,CN1[C@@H](CC(C2=CC=CC=C2)=O)CCC[C@H]1C[C@H](O)C3=CC=CC=C3.[H]Cl
1050,O=C1[C@H](O)[C@@H](C2=CC=C(O)C(O)=C2)OC3=CC(O)=CC(O)=C13
1051,O=C(C(C1=O)=CN2N(C)COC3=C(N4CCN(C)CC4)C(F)=CC1=C32)O
1052,O[C@@]1(C2)[C@H](C(C)C)C[C@]3(O1)[C@@H](C)CC[C@@]3([H])C2=C
1053,O=C(O)C1=CC=CC=C1C(NC2=CC=C(S(=O)(NC3=NC=CS3)=O)C=C2)=O
1054,O=C1C=CC2=CC3=C(OC=C3)C=C2O1
1055,OC1=C2N=CC=CC2=C(Cl)C=C1Cl
1056,C[C@H]([C@H](C)C1)CC2=C(C3=C1C=C4OCOC4=C3OC)C(OC)=C5OCOC5=C2
1057,O[C@@H]1[C@@](CO[C@@H](C/C(C)=C/C(OCCCCCCCCC(O)=O)=O)[C@@H]1O)([H])C[C@H]2[C@@]([C@@H](C)[C@@H](O)C)([H])O2
1058,CC(CCC1=CC=C(O)C=C1)=O
1059,O=C[C@@H]([C@@H]([C@@H](CO)O)O)O
1060,CC([C@]1(OC(C)=O)[C@@]2([C@]([H])([C@@]3(CCC4=CC(CC[C@@]4([C@]3(CC2)[H])[H])=O)[H])CC1=C)C)=O
1061,C[N+](C)(C)CC(O)CC(O)=O.[Cl-]
1062,O=C1C(O)=C(C2=CC=C(OC)C=C2)OC3=CC(O)=CC(O)=C13
1063,O[C@@H]([C@H]([C@H](N1C=NC2=C1N=CN=C2N)O3)O)[C@H]3COP(O)(OP(OP(O)(O)=O)(O)=O)=O
1064,O=C(OCC)NCCCC(NCCC1=CC=CC=C1)=O
1065,O=C(C(N12)=CCS[C@]2([H])[C@H](NC(/C(C3=CSC(N)=N3)=C\CC(O)=O)=O)C1=O)O.O.O
1066,O=C1C2=C(C3=C(C=C2)C(C)=CC=C3)C(C4=C1C(C)CO4)=O
1067,O=C1C=C(C2=CC=C(OC)C(OC)=C2)OC3=CC(O)=C(OC)C(O)=C13
1068,OC1=CC=C(C(/C=C/C2=CC(O)=C(O)C=C2)=O)C(O)=C1
1069,O[C@H]1[C@H](O)[C@@H](CO)O[C@@H](OC2=CC(OC=C(C3=CC=C(O)C=C3)C4=O)=C4C=C2OC)[C@@H]1O
1070,OC(CON)=O.[H]Cl.OC(CON)=O
1071,C[C@H](C1)[C@@H](C)CC2=CC(OC)=C(OC)C(OC)=C2C3=C1C=C4OCOC4=C3OC
1072,O=C(NCCCO)[C@H](O)C(C)(C)CO
1073,O=C([C@]1(O)C[C@@H](OC(/C=C/C2=CC=C(O)C(O)=C2)=O)[C@@H](OC(/C=C/C3=CC=C(O)C(O)=C3)=O)[C@H](O)C1)O
1074,OC1=C(OC)C=C(CCC(/C=C/CCCCC)=O)C=C1
1075,O=S(C1=CC=C(N)C=C1)([N-]C2=NC3=CC=CC=C3N=C2)=O.[Na+]
1076,O=C1C=CC2=C(OC)C3=C(OC=C3)C=C2O1
1077,O=C1C=C(C2=CC=C(O)C=C2)OC3=C(C4=CC(C5=CC(C6=C(O)C=C(O)C=C6O5)=O)=CC=C4O)C(O)=CC(O)=C13
1078,C[C@@](C1=CC2)(CC[C@H](O)C1)[C@]3([H])[C@]2([H])[C@@](CC[C@@H]4C(C)=O)([H])[C@]4(C)CC3
1079,O=C(O)C(C)CCC(O)=O
1080,O=C1CCC2=CC=CC=C2O1
1081,O=C(NC1=O)C=CN1[C@H]2[C@](F)([C@@H]([C@H](O2)CO)O)C
1082,O=C(O)CC(C)CCC(O)=O
1083,O=C(/C=C/C1=CC(O)=C(O)C=C1)O[C@@H]([C@@H]2O)[C@@H](C[C@](C(O)=O)(O)C2)O
1084,O[C@H]1[C@@H](C2=CC=C(O)C(O)=C2)OC3=CC(O)=CC(O)=C3C1
1085,O[C@@H]1[C@@]2(C)CC[C@@H](C2(C)C)C1
1086,O=C(C1=C(O)C=C(O)C=C1O)CCC2=CC=C(O)C=C2
1087,OC(CC1=CC=CC2=C1C=CC=C2)=O
1088,OC1=CC=C2C=CC=CC2=C1/N=N/C3=CC=C(/N=N/C4=CC=CC=C4)C=C3
1089,O[C@H]1[C@H](OC(C)=O)[C@@H](OC(C)=O)[C@]([H])(O[C@@H]2C(C)(C)[C@@]([C@@H](O[C@@]3([H])[C@H](O)[C@@H](O)[C@H](O)[C@@H](CO)O3)C[C@]4([H])[C@@]56CC[C@@]7(C)[C@@]4(C)C[C@H](O)[C@]7([H])[C@]8(C)O[C@H](C(C)(O)C)CC8)([H])[C@]5(C6)CC2)OC1
1090,O=C1C=C(C2=CC=C(OC)C(O)=C2)OC3=CC(O)=CC(O)=C13
1091,OC1=CC=C(OCO2)C2=C1
1092,O=C(N1CCCCC1)/C=C/C=C/C2=CC=C(OCO3)C3=C2
1093,O=C1C[C@@H](C2=CC=C(OC)C(O)=C2)OC3=CC(O)=CC(O)=C13
1094,O=C(C1=C(O)C=C(O)C=C1O[C@H]2[C@@H]([C@H]([C@@H]([C@@H](CO)O2)O)O)O)CCC3=CC=C(O)C=C3
1095,BrC1=CC=C(N=C(OC)C([C@H]([C@@](C2=CC=CC3=C2C=CC=C3)(O)CCN(C)C)C4=CC=CC=C4)=C5)C5=C1
1096,OC1=C(C2=CC=C3[C@](C)([C@]4(CC[C@]3(C2=CC1=O)C)C)CC[C@@]5(C)CC[C@@](C(O)=O)(C[C@]54[H])C)C
1097,N=C(C1=CC=C(OCCCCCOC2=CC=C(C(N)=N)C=C2)C=C1)N.OCCS(=O)(O)=O.OCCS(=O)(O)=O
1098,O=C(O)/C(C)=C\C[C@@]1(C2=O)OC(C)(C)[C@@](C[C@@]2([H])C=C34)([H])[C@]31OC5=C(C(O)=C(C=C[C@](CC/C=C(C)/C)(C)O6)C6=C5C/C=C(C)\C)C4=O
1099,[H]Cl.[O-]C(C(N1[C@@]2([H])[C@H](NC(/C(C3=NSC(N)=N3)=N\OC)=O)C1=O)=C(CS2)C[N+]4=C(C=CC=N5)N5C=C4)=O
1100,O=C(/C(C)=C/C=C/C(C)=C/C=C/C=C(C)/C=C/C=C(C)/C([H])=[C@@]=C([C@@]1(O)C)C(C)(C[C@H](OC(C)=O)C1)C)C[C@]2(C3(C)C)[C@@](C)(C[C@@H](O)C3)O2
1101,OC1=CC(/C=C/C(O[C@H]2[C@H](O[C@H]3[C@H](O)[C@H](O)[C@@H](O)[C@H](C)O3)[C@@H](O)[C@H](OCCC4=CC(O)=C(O)C=C4)O[C@@H]2CO[C@@H]5O[C@H](CO)[C@@H](O)[C@H](O)[C@H]5O)=O)=CC=C1O
1102,CC(NCCC1=CNC2=C1C=C(OC)C=C2)=O
1103,O[C@H]1[C@H](O)[C@@H](CO)O[C@@H](O[C@@H]2C(C)(C)[C@@](CC[C@]3(C)[C@]4([H])C[C@@H](O)[C@@]5([H])[C@@]3(C)CC[C@@H]5[C@](O[C@@H]6O[C@H](CO[C@@H]7OC[C@@H](O)[C@H](O)[C@H]7O)[C@@H](O)[C@H](O)[C@H]6O)(C)CC/C=C(C)\C)([H])[C@]4(C)CC2)[C@@H]1O
1104,[O-]C(CC[C@H](N)C(O)=O)=O.[Na+]
1105,O=C(O)C(CC1=CC=CC=C1)NC(C)=O
1106,O=C(C(NC1=O)=CC(N1)=O)O
1107,C[N+]1=CC2=C(C(OC)=CC=C2C3=C1C4=CC5=C(OCO5)C=C4C=C3)OC.[Cl-]
1108,OCC1=CNC2=C1C=CC=C2
1109,[H][C@@]12C[C@@](C3=C(OC)C=C(N([C@]4([H])[C@@]56[C@]7([H])[C@](C=CCN7CC6)(CC)[C@@H](OC(C)=O)[C@@]4(C(OC)=O)O)C)C5=C3)(C(OC)=O)C(NC8=C9C=CC=C8)=C9CC[N@](C2)C[C@](O)(CC)C1.OS(=O)(O)=O
1110,OC1=CC=C(CCN)C=C1OC
1111,O=C(C(C1=O)=CN2[C@@H](C)COC3=C(C4(N)CC4)C(F)=CC1=C23)O.CS(=O)(O)=O
1112,[O-][N+](O)=O.ClC1=C(C=CC(Cl)=C1)C(OCC(C=CC(Cl)=C2)=C2Cl)CN3C=CN=C3
1113,O=C[C@H](NC(C)=O)[C@H]([C@@H]([C@@H](CO)O)O)O
1114,O=C1NC2=C(C=CC=C2)C1=O
1115,CC(C)C(O)C(O)=O
1116,CC(C(O)=O)=O
1117,O=C1N(C)C2=C(N=CN2)C(N1)=O
1118,CCC(=O)C(O)=O
1119,[C@@H](N)(CC1=C[NH]C2=CC=CC=C12)C(=O)O
1120,O=C(O)C1=CC=CC(O)=C1O
1121,CC(C1=CC=C(O)C=C1O)=O
1122,OC([C@H](O)C1=CC=CC=C1)=O
1123,O=C(O)C1=CC(OC)=C(OC)C(OC)=C1
1124,O=C(O)CC1=CC=C(OC)C(OC)=C1
1125,O=C1NC=CC(N)=N1
1126,O=C(O)C1=C(O)C=CC=C1O
1127,O=C(/C=C/C1=CC=C(C(OC)=C1)O)OC
1128,C1CNCCNCCNCCN1
1129,O[C@H]1[C@H](O)[C@@H](CO)O[C@@H](O[C@H]2C[C@]([C@@](CC[C@]3([H])[C@@](C)(O[C@@H]4O[C@H](CO)[C@@H](O)[C@H](O)[C@H]4O)CC/C=C(C)/C)(C)[C@]3([H])[C@H](O)C5)(C)[C@@]5([H])[C@]6(C)[C@]2([H])C(C)(C)[C@@H](O)CC6)[C@@H]1O[C@@H]7O[C@@H](C)[C@H](O)[C@@H](O)[C@H]7O
1130,CC1=C(C=CC(OC)=C2OC)C2=C[N+]3=C1C4=CC(OC)=C(OC)C=C4CC3.[Cl-]
1131,O=C(O)C(O)CC(O)=O
1132,O=C(O)[C@H](CC1=CN=CN1C)NC(CCN)=O
1133,O=C1/C(NC2=C1C=CC=C2)=C3NC4=C(C=CC=C4)C/3=O
1134,C1=C(C=CC(=C1)O)CCN
1135,COC1=C(O)C(OC)=CC(/C=C/C(O)=O)=C1
1136,OC1=CC(O)=C(C(C(O[C@H]2[C@H](O)[C@H](O)[C@@H](O)[C@H](C)O2)=C(C3=CC(O)=C(O)C=C3)O4)=O)C4=C1
1137,O=C(C1=CC=CO1)OC
1138,O=CC1=CC=C(O)C=C1
1139,O=C(O)C1=CC=C(OC)C(OC)=C1
1140,O=CC1=CC(OC)=C(O)C(OC)=C1
1141,O=C(C1=C(C)OCCS1)NC2=CC=CC=C2
1142,O=C(O)/C=C/C(O)=O
1143,OC[C@@H](O)[C@@H](O)CO.[Relative stereochemistry]
1144,O=C(O)CNC(C1=CC=CN=C1)=O
1145,OC[C@@H]1[C@H]([C@H]([C@H](N2C(N=C(C(C)=C2)N)=O)O1)O)O
1146,O=C(O)/C=C/C=C/C(O)=O
1147,OC1=C(C2=O)C(OC(C3=CC=C(O)C=C3)=C2)=CC(O)=C1[C@@H]([C@@H]([C@@H](O)[C@@H]4O)O)O[C@@H]4CO
1148,O=C(O)CCNC(N)=O
1149,O=C(O)/C=C/C1=CC=C(OC)C(OC)=C1
1150,OC1=CC=C(/C=C/C2=CC(OC)=CC(OC)=C2)C=C1
1151,COC1=C(OC)C(OC)=CC(/C=C/C(O)=O)=C1
1152,OC[C@]1(O[C@H](CO)[C@@H](O)[C@@H]1O)O[C@H]([C@@H]([C@@H](O)[C@@H]2O)O)O[C@@H]2CO[C@H]([C@@H]([C@@H](O)[C@H]3O)O)O[C@@H]3CO.O.O.O.O.O
1153,O=C(OC)C1=CC=C(O)C=C1
1154,O=CC1=CC=C(OC)C=C1O
1155,NC(CO)C(O)=O
1156,O=C(O)[C@@H](O)CC(O)=O
1157,O=C(O)CCCCCCCCCO
1158,CC1=CNC2=CC=CC=C12
1159,O=C(O)CN(C)C
1160,CCCCCCCC(O)=O
1161,O=C(O)C1=CC(O)=CC(O)=C1
1162,CC(C)CC(O)=O
1163,C(C(O)=O)CCCCCC(O)=O
1164,O=C1OC2=CC=CC=C2N1
1165,OC(=O)c1ccc(c(c1)C)O
1166,O[C@@H]([C@H]([C@H](N1C=NC2=C1N=CN=C2N)O3)O)[C@H]3CSC
1167,NC1=C(N=CN2[C@H]3C[C@H](O)[C@H](O3)CO)C2=NC=N1.O
1168,O=C1NC(C(CO)=CN1)=O
1169,O=C(N1C)N(C)C2=C(NC(N2)=O)C1=O
1170,OC[C@@H](O1)[C@@H](O)[C@@](O2)([H])[C@]1([H])N(C2=N3)C=CC3=O
1171,O=C(O)/C=C/CCCCCCCO
1172,O=C(C1=CC(C=C(C(O)=O)N1)=O)O
1173,O=C1NC=NC2=C1C=CC=C2
1174,O=C1O[C@@H](CO)CN1C2=CC=C(C3=CC=C(C4=NN(C)N=N4)N=C3)C(F)=C2
1175,OC([C@H](CCC1)[N+]1(C)C)=O.[Cl-]
1176,C[N+]1=CC(C(O)=O)=CC=C1.[Cl-]
1177,CCOC(C1=C[C@]2(CC)CCCN3CCC(C4=C(C=CC=C4)N51)=C5[C@]23[H])=O
1178,OC(=O)Cc1ccc(c(c1)O)O
1179,O=C([C@H]1NCCCC1)O
1180,O=C(NN(C)C)CCC(O)=O
1181,C[C@@H](O)CC(O)=O
1182,NC(CC1=CC=C(O)C(O)=C1)C(O)=O
1183,O=C(O)C1=CNC2=CC=CC=C12
1184,N[C@@H](CCCCNC(C)=O)C(O)=O
1185,OCCC1=CC=C(O)C=C1
1186,O=C(O)CNC(C1=CC=CC=C1C)=O
1187,OC1=CC=C(CC)C=C1
1188,O=C1NC2=C(C=CC(O)=C2)CC1
1189,OC[C@@H]1[C@H]([C@H]([C@H](N2C=NC3=C2N=C(N)NC3=O)O1)O)O
1190,C1=CC(=CC(=C1C(O)=O)O)Cl
1191,O[C@@H]1[C@@H](CO)O[C@@H](N2C(O)=C(C(N)=O)N=C2)[C@@H]1O
1192,O=C1[C@@]2(O)[C@]([C@@H](OC(C)=O)[C@@H](O)[C@@]3([H])C(C)(C)CC[C@H](O)[C@@]32C)(C)O[C@@](C)(C=C)C1
1193,CC1(C)C(/C=C/C(C)=C/C=C/C(C)=C/C(O)=O)=C(C)CCC1
1194,OC([C@@H]1N(C2=O)[C@]([C@@H]2NC([C@@H](C3=CC=C(O)C=C3)N)=O)([H])SC1(C)C)=O.[3H2O]
1195,OC([C@@H]1N(C2=O)[C@]([C@@H]2NC([C@@H](C3=CC=C(O)C=C3)N)=O)([H])SC1(C)C)=O
1196,O=C(C1=CC=CN=C1)O
1197,O=C(C1=C(O)C2=C(N(C)C1=O)C=CC=C2)N(C)C3=CC=CC=C3
1198,FC1=CC=C(C(O)(CN2C=NC=N2)CN3C=NC=N3)C(F)=C1
1199,COC1=C(O)C=CC(CCC(C)=O)=C1
1200,O=P(O[K])(O[K])O[C@H]1O[C@@H]([C@H](O)[C@H](O)[C@H]1O)CO
1201,O=C(C1=C2C(O)=C3[C@@H](O[C@@]4([H])C[C@H](N)[C@@H](O)[C@H](C)O4)C[C@@](C(CO)=O)(O)CC3=C1O)C5=CC=CC(OC)=C5C2=O.Cl
1202,O=C1C2=C(NC[C@H](CNC3=CC=C(C(N[C@H](C([O-])=O)CCC([O-])=O)=O)C=C3)N2C=O)NC(N)=N1.[Ca+2]
1203,O[C@@H](CO)[C@@H](O1)C(O[Na])=C(OP(O[Na])(O[Na])=O)C1=O
1204,CC(C)(O)CCC[C@@H](C)[C@H]1CC[C@@]2([H])[C@]3([H])CC=C4C[C@@H](O)CC[C@]4(C)[C@@]3([H])CC[C@]12C
1205,O=C(C1=C2OC(C)(C)CC1)C(C3=C2C=CC=C3)=O
1206,O=C1C=C(C2=CC=CC=C2)OC3=CC=CC(OC)=C13
1207,O=C(C1=C(C)N(C)C2=C1C=C(O)C=C2)OCC
1208,O=S(C1=CC=C(N)C=C1)(NC2=NC(C)=CC(C)=N2)=O
1209,C[C@@]1(C2)[C@](C(CO)=O)(O)CC[C@@]1([H])[C@]3([H])CCC4=CC(C=C[C@]4(C)[C@@]3([H])C2=O)=O
1210,O=C(C(N12)=C(C=C)CS[C@]2([H])[C@H](NC(/C(C3=CSC(N)=N3)=N\OCC(O)=O)=O)C1=O)O
1211,O=C(O)/C=C/C1=CC=C(OC)C(O)=C1
1212,CCC(C)(C)C(O[C@H]1C[C@@H](C)C=C2C=C[C@H](C)[C@H](CC[C@@H]3C[C@@H](O)CC(O3)=O)[C@@]12[H])=O
1213,N[C@@H](CCSC[C@@H]1[C@H]([C@H]([C@H](N2C=NC3=C2N=CN=C3N)O1)O)O)C(O)=O
1214,OC1=C2N=C(C)C=CC2=C(Cl)C=C1Cl
1215,O=C(O)CC1=CC=C(O)C=C1
1216,OS(O)(=O)=O.OS(O)(=O)=O.O[C@@H]1[C@H]([C@@H](C[C@H](N)[C@H]1O[C@@]([C@@H]([C@@H](O)[C@@H]2O)O)([H])O[C@@H]2CN)NC([C@@H](O)CCN)=O)O[C@@]([C@@H]([C@@H](N)[C@@H]3O)O)([H])O[C@@H]3CO
1217,[H]Cl.C12=NC(C3=CC=CC=C3)CN1CCS2
1218,C[N+](C)(C)CC(O)=O.[Cl-]
1219,O=C(O)/C=C/C1=CC=CC=C1
1220,CCC(C)C(C(O)=O)=O
1221,O[C@H]([C@H]([C@@H]([C@@H](CO)O1)O)O)[C@@H]1OCCC2=CC=C(O)C=C2
1222,CC/C=C\C/C=C\C/C=C\C/C=C\C/C=C\C/C=C\CCC(O)=O
1223,O=C([C@@H]([C@@](CN1N=NC=C1)(C)S([C@]2([H])C3)(=O)=O)N2C3=O)O
1224,C=CCCCCCCCCC([O-])=O.C=CCCCCCCCCC([O-])=O.[Zn+2]
1225,OC1=CC=C([C@@H](O)CN)C=C1O
1226,[O-]C(/C=C/C1=CC=C(O)C(OC)=C1)=O.[Na+]
1227,OCC[N+](C)(C)C.[Cl-]
1228,O[C@@H]1[C@](C2(C)C)(C)CC[C@]2([H])C1
1229,OC([C@]1(CC[C@H]2C(C)=C)[C@@]2([H])[C@](CC[C@@]3([H])[C@]4(CC[C@]5([H])[C@@]3(CC[C@H](OC(CC(C)(C)C(O)=O)=O)C5(C)C)C)C)([H])[C@@]4(C)CC1)=O
1230,C[C@@]12[C@@H](C(CO)=O)CC[C@@]1([H])[C@]3([H])CCC4=CC(CC[C@]4(C)[C@@]3([H])CC2)=O
1231,O=C1C[C@@H](C2=CC=C(O[C@H]3[C@@H]([C@H]([C@@H]([C@@H](CO)O3)O)O)O)C=C2)OC4=CC(O)=CC=C14
1232,O=CC1=CC=C(O)C(OC)=C1
1233,O=C(C1=NC2=C(O)C=CC=C2C(O)=C1)O
1234,CCC[C@H]1CN(C)[C@H](C(N[C@@]([H])([C@@]2([H])O[C@H](SC)[C@H](OP(O)(O)=O)[C@@H](O)[C@H]2O)[C@@H](Cl)C)=O)C1
1235,O=C1OCCN1/N=C/C2=CC=C([N+]([O-])=O)O2
1236,O=C([O-])[C@H]1N(C(C[P@@](CCCCC2=CC=CC=C2)(O[C@H](OC(CC)=O)C(C)C)=O)=O)C[C@H](C3CCCCC3)C1.[Na+]
1237,OCC([C@H]([C@@H]([C@@H](CO)O)O)O[C@@H]1[C@@H]([C@H]([C@@H]([C@@H](CO)O1)O)O)O)=O
1238,[Glycogen]
1239,C[C@H]([C@@H](O)[C@@H](C)[C@H](C)OC1=O)/C=C/C=C/C=C/C=C/C=C/C=C/C=C/[C@H](O[C@]2([H])O[C@H](C)[C@@H](O)[C@H](N)[C@@H]2O)C[C@@]3([H])[C@H](C(O)=O)[C@@H](O)C[C@](C[C@@H](O)C[C@@H](O)[C@H](O)CC[C@@H](O)C[C@@H](O)C1)(O)O3
1240,O=S(C1=CC=C(Cl)C=C1)(NC(NC2=CC=C(N(C)C)C=C2)=O)=O
1241,[O-]C([C@@H]1N(C2=O)[C@]([C@@H]2NC(C(C3=CC=CC=C3C=C4)=C4OCC)=O)([H])SC1(C)C)=O.[Na+].O
1242,O=C(C(N12)=C(CSC3=NN=NN3C)CS[C@]2([H])[C@H](NC([C@H](NC(N4C(C(N(CC)CC4)=O)=O)=O)C5=CC=C(O)C=C5)=O)C1=O)[O-].[Na+]
1243,C[C@@H]1[C@@]2(CC[C@@H](C)CO2)O[C@]3([H])[C@@]1([H])[C@@]4([C@@]([C@@]5([H])[C@]([C@@]6([C@](C[C@@H](O)CC6)([H])CC5)C)([H])CC4)([H])C3)C
1244,N[C@@H](CS)C(O)=O.[H]Cl
1245,O=C1N=CC(C)=C(N)N1
1246,C/C=C(C)/C(O)=O
1247,CCCCCCCCCCCCCCCCCCCC(=O)O
1248,OC1=C2N=CN([C@@H]3O[C@H](CO)[C@@H](O)C3)C2=NC=N1
1249,C1=C(N=CC=N1)C(=O)C
1250,O=C(O)C1=CC=C(O)C(O)=C1O
1251,OCC1=CC=C(OC)C(OC)=C1
1252,O=P(O)(OC[C@@H]1[C@H]([C@H]([C@H](N2C(NC(C=C2)=O)=O)O1)O)O)O
1253,NCCCCN.[H]Cl.[H]Cl
1254,OC[C@@H]1[C@H](C[C@H](N2C(N=C(C(C)=C2)N)=O)O1)O
1255,O=C1NC(C=CN1[C@H]2[C@H]([C@@H]([C@@H](CO)O2)O)O)=O
1256,O=C(O)[C@H](O)CC1=CC=CC=C1
1257,O=C(C1=CC=CN=C1)OC
1258,O=C1C(O)=C(C2=CC=C(O)C(O)=C2)OC3=CC(O)=CC(O)=C13.[H]O[H].[H]O[H]
1259,N[C@@H](CCCCN)C(O)=O
1260,O[C@H](C1=C2C=C(C=CC2=NC=C1)OC)[C@H]3N4CC[C@@]([H])(C3)[C@@H](CC)C4
1261,CCCCCCCCCCC(=O)O
1262,NCCCCNCCCN
1263,O=C(O)/C=C\C(O)=O
1264,O=C(O)[C@@H](N)CC1=CC=C(O)C(Cl)=C1
1265,O=C1C(CC2=C(O)C3=CC=CC=C3OC2=O)=C(O)C4=CC=CC=C4O1
1266,O=C(O)/C=C/C1=CN=CN1
1267,[H]Cl.[H][C@]12C(NC3=C4C=CC=C3)=C4CCN1C[C@@]5([H])CC[C@H](O)[C@@H](C(OC)=O)[C@]5(C2)[H]
1268,O[C@H]1[C@H](N2C(NC(C=C2)=O)=O)O[C@H](COP(OP(OP(O)(O)=O)(O)=O)(O)=O)[C@H]1O
1269,CC(NCCC1=CNC2=C1C=C(O)C=C2)=O
1270,N[C@@H](CS)C(O)=O
1271,O[C@H]([C@H]([C@@H]([C@@H](CO)O)O)O)C([O-])=O.[Na+]
1272,NCC(O)=O
1273,O=C(O)CC1(CN)CCCCC1
1274,NCCS(=O)(O)=O
1275,O=C(N1)NC2=C(N=CN2)C1=O
1276,O[C@@]1(C=O)[C@H]([C@@H](O[C@H]1C)O[C@]([C@@H]([C@@H](O)[C@@H]2NC(N)=N)O)([H])[C@H]([C@@H]2O)NC(N)=N)O[C@@](O[C@@H](CO)[C@H](O)[C@H]3O)([H])[C@H]3NC.[1.5H2SO4]
1277,N[C@@H](CCCNC(N)=O)C(O)=O
1278,N[C@@H](CC1=CNC=N1)C(O)=O
1279,NC(C)(C)C(O)=O
1280,O=C1N([C@@H]2O[C@@H]([C@@H](NC(C[C@@H](N)CCN(C)C(N)=N)=O)C=C2)C(O)=O)C=CC(N)=N1.Cl
1281,NC(C1=C[N+]([C@@H]2O[C@H](COP(O)([O-])=O)[C@@H](O)[C@H]2O)=CC=C1)=O
1282,O[C@H]1[C@](O[C@H](O[C@@]([C@H](C[C@H]2N)N)([H])[C@@H]([C@H]2O)O)[C@H](N)C3)([H])[C@@]3([H])O[C@H](O[C@@]([C@@H]([C@@H](O)[C@@H]4N)O)([H])O[C@@H]4CO)[C@H]1NC.O=S(O)(O)=O
1283,NC1=C2N=CN([C@@H]3O[C@]4([H])COP(O)(O[C@@]4([H])[C@H]3O)=O)C2=NC=N1
1284,N[C@@H](CCC(N)=O)C(O)=O
1285,N[C@@H](CCSC)C(O)=O
1286,O=C(N1)C=CN(C1=O)[C@H]2[C@H](O)[C@H](O)[C@H](O2)COP(O[Na])(O[Na])=O
1287,O=C(CC(C([O-])=O)(O)CC([O-])=O)[O-].O.O.O.O.[Li+].[Li+].[Li+]
1288,O[C@H]1[C@H](O)[C@@H](N)[C@@H](O[C@@H]2[C@@H](N)C[C@@H](N)[C@H](O)[C@H]2O[C@@H]3O[C@H](CO)[C@@H](O[C@H]4O[C@@H](CN)[C@@H](O)[C@H](O)[C@H]4N)[C@H]3O)O[C@@H]1CN.[3H2SO4]
1289,O=S(O)(O)=O.O[C@@H]([C@H](O)[C@@H](CN)O1)[C@@H](N)[C@@]1([H])O[C@@H]2[C@@H](N)C[C@@H](N)[C@H](O)[C@@]2([H])O[C@@H]3O[C@H](CO)[C@@H](O)[C@H]3O
1290,O=C1N2C(C([O-])=O)=C(SC(C3)CN4[N+]3=CN=C4)[C@H](C)[C@]2([H])[C@@]1([H])[C@H](O)C
1291,N[C@@H](CCCN)C(O)=O
1292,N[C@H](C(C)(S)C)C(O)=O
1293,N[C@@H](C(C)C)C(O)=O
1294,N[C@H](CO)C(O)=O
1295,O[C@H](C(COP(O)(O[Na])=O)=O)[C@@H]([C@@H](COP(O[Na])(O[Na])=O)O)O
1296,N[C@H]1[C@](O[C@@H]2[C@@H](N)C[C@@H](N)[C@H](O[C@@]3([H])OC[C@@](O)(C)[C@H](NC)[C@H]3O)[C@H]2O)([H])OC(CN)=CC1.[2.5H2SO4]
1297,O=S(O)(O)=O.O[C@@H]([C@@H]1O[C@@]([C@@H]([C@@H](O)[C@@H]2O)N)([H])O[C@]2([H])[C@H](O)C)[C@H]([C@@H](C[C@@H]1N)N)O[C@](OC[C@](C)(O)[C@@H]3NC)([H])[C@@H]3O.O=S(O)(O)=O
1298,N[C@@H](C[C@H]1N)[C@@]([C@@H]([C@H]1O)O[C@@](O[C@H](CO)[C@H]2O[C@@]([C@@H]([C@@H](O)[C@@H]3O)N)([H])O[C@H]3CN)([H])[C@@H]2O)([H])O[C@H]([C@@H]([C@@H](O)[C@@H]4O)N)O[C@@H]4CO.O=S(O)(O)=O
1299,OS(O)(=O)=O.O[C@H]1[C@](O[C@@H]2[C@@H](N)C[C@@H](N)[C@H](O[C@@]3([H])O[C@H](CO)[C@@H](O)[C@H](N)[C@H]3O)[C@H]2O)([H])O[C@H](CN)[C@@H](O)[C@@H]1O
1300,NC(CCC(N)=O)C(O)=O
1301,N[C@@H](CSCC=C)C(O)=O
1302,O=C(O)CCCCCN
1303,O[C@@H]([C@H]([C@H](N1C=NC2=C1N=CN=C2N)O3)O)[C@H]3COP(O)(OP(OP([O-])(O)=O)([O-])=O)=O.[Na+].[Na+]
1304,NCC1=CC[C@@H](N)[C@](O[C@@H]2[C@@H](N)C[C@@H](NCC)[C@H](O[C@@]3([H])OC[C@](C)(O)[C@H](NC)[C@H]3O)[C@H]2O)([H])O1.[2.5H2SO4]
1305,OC([C@@H](NC(CCN)=O)CC1=CN=CN1)=O
1306,O=C(CC(C(O)=O)(O)CC(O)=O)O.[1.5K+].[0.5Bi3+]
1307,N[C@@H](CCCCN)C(O)=O.[H]Cl
1308,O[C@@H]([C@H]([C@H](N1C(N=C(C=C1)NC(C)=O)=O)O2)O)[C@H]2COP([O-])(OP(OP([O-])([O-])=O)([O-])=O)=O.[4 Na+]
1309,NC(CCCNC(N)=N)C(O)=O
1310,N[C@@H](CCCNC(N)=N)C(O)=O
1311,O[C@@H]([C@H]([C@H](N1C(N=C(C=C1)N)=O)O2)O)[C@H]2COP(OCC[N+](C)(C)C)(OP([O-])(O)=O)=O
1312,N[C@@H]([C@@H](C)CC)C(O)=O
1313,OC([C@H]1[C@@](C[C@H](/C=C/C=C/C=C/C=C/C[C@@H](C)OC2=O)O[C@@](O[C@H](C)[C@@H](O)[C@@H]3N)([H])[C@H]3O)([H])O[C@](O)(C[C@H](C[C@]4([H])[C@@H](/C=C/2)O4)O)C[C@@H]1O)=O
1314,N[C@@H](C(O)=O)C
1315,N[C@@H](CC([O-])=O)C([O-])=O.[Ca+2]
1316,N[C@@H](CO)C(O)=O
1317,O[C@@H]1[C@@H](O)[C@@](O[C@@H]2O[C@@H](C)[C@](O)(CO)[C@H]2O[C@@]3([H])[C@@H](NC)[C@H](O)[C@@H](O)[C@H](CO)O3)([H])[C@@H](NC(N)=N)[C@H](O)[C@H]1NC(N)=N.[1.5H2SO4]
1318,N[C@H](C(O)=O)CC(O)=O
1319,O=C(O)CN(C)C(N)=N
1320,O=C(O)CNC
1321,[H][C@](N)(CCCCNC(N)=N)C(O)=O
1322,NCCC[C@@H](C(O)=O)NC(C)=O
1323,O=C(O)CCCNC(N)=N
1324,N[C@@H](CCCC)C(O)=O
1325,CC[C@H](N)C(O)=O
1326,O=C(O)[C@H](C1)NC[C@@H]1O
1327,O=P([O-])(OC[C@@H]1[C@H]([C@H]([C@H](N2C=NC3=C2N=C(N)NC3=O)O1)O)O)[O-].[Na+].[Na+]
1328,OC(CC[C@H](N)C(O)=O)=O
1329,N[C@@H](CC(C)C)C(O)=O
1330,OC[C@@]1(O)[C@H](C)C[C@H](C)[C@]([C@@]2(O[C@]([C@@]3(CC[C@@]([C@]4(O[C@@]5(C[C@H](O)[C@@H](C)[C@@]([H])([C@H]([C@@H](OC)[C@H](C)C([O-])=O)C)O5)CC4)C)([H])O3)CC)([H])[C@@H](C)C2)[H])([H])O1.[Na+]
